,ivl,module,name
2210415F13Rik,932,11,MMT00028707
AI747448,698,11,MMT00021101
D630035O19Rik,746,11,MMT00022995
Eps8l3,834,11,MMT00025626
Slc7a9,22,11,MMT00000713
Ly64,1499,11,MMT00046187
Adh6a,506,11,MMT00015100
Cdh17,907,11,MMT00027815
Gm316,2393,11,MMT00072448
Cyp2c55,1331,11,MMT00041058
2010001C14Rik,1671,11,MMT00050853
1810018L02Rik,1677,11,MMT00050980
Slc15a1,829,11,MMT00025504
,1981,11,MMT00059963
,2347,11,MMT00071318
2210407C18Rik,1606,11,MMT00048831
2010106E10Rik,2307,11,MMT00070149
2210404O07Rik,2018,11,MMT00061056
Myo1a,617,11,MMT00018534
Guca2b,1913,11,MMT00057948
Cldn15,2750,11,MMT00081919
Oit1,268,11,MMT00008438
Cyp2c65,1332,11,MMT00041075
BC026666,170,11,MMT00005626
Mep1b,1029,11,MMT00031302
,2658,11,MMT00078931
Eno1,1125,11,MMT00034400
Eno1,427,11,MMT00012632
Eno1,914,11,MMT00028101
Eno1,1492,11,MMT00046067
Ube2m,109,11,MMT00003672
Pdcd6ip,1934,11,MMT00058519
Tcn2,1704,11,MMT00051699
Mlf2,2684,11,MMT00079592
Mlf2,1670,11,MMT00050838
Ap2m1,2343,11,MMT00071217
,144,11,MMT00004841
,1669,11,MMT00050817
,38,11,MMT00001291
,198,11,MMT00006515
Lgals9,1064,11,MMT00032382
Arf4,1207,11,MMT00036879
,1979,11,MMT00059870
,281,11,MMT00008781
,520,11,MMT00015463
4930415F15Rik,664,11,MMT00020113
Odz3,274,11,MMT00008548
Olfr167,2056,11,MMT00062041
,1470,11,MMT00045517
1700019P21Rik,1580,11,MMT00048091
,2682,11,MMT00079517
Arhgef9,130,11,MMT00004394
Fzd3,642,11,MMT00019201
5830472M02Rik,334,11,MMT00010294
1700030B17Rik,1437,11,MMT00044443
Olfr1450,2175,11,MMT00066050
,1095,11,MMT00033277
Hoxc5,1881,11,MMT00056669
Retn,1967,11,MMT00059368
,127,11,MMT00004276
Fgf8,855,11,MMT00026206
,2011,11,MMT00060865
Enah,2188,11,MMT00066563
D2Ertd435e,771,11,MMT00023871
Dbil5,163,11,MMT00005452
Insm1,949,11,MMT00029165
Mod1,1534,11,MMT00046920
Mx1,881,11,MMT00026973
Aqp8,139,11,MMT00004671
Pgd,1239,11,MMT00038022
Gale,2599,11,MMT00077659
Dlat,291,11,MMT00009011
Slc25a1,1791,11,MMT00054225
,1989,11,MMT00060232
Fasn,598,11,MMT00018029
Acly,724,11,MMT00022101
6330403K07Rik,557,11,MMT00016374
Allc,1341,11,MMT00041316
,2453,11,MMT00074126
Aacs,1674,11,MMT00050881
Oprs1,2730,11,MMT00081203
Khk,383,11,MMT00011470
Acacb,2233,11,MMT00067953
1700007H16Rik,1789,11,MMT00054102
Zdhhc6,1562,11,MMT00047560
Dbi,2267,11,MMT00068995
Acac,1594,11,MMT00048501
Adpn,235,11,MMT00007700
BC036563,426,11,MMT00012566
Insig1,283,11,MMT00008789
Acas2,307,11,MMT00009506
Map17,1932,11,MMT00058422
Acat2,2291,11,MMT00069683
Qdpr,2107,11,MMT00063965
Paox,1197,11,MMT00036605
Qdpr,1237,11,MMT00038017
Echdc1,2033,11,MMT00061424
1810044O22Rik,1940,11,MMT00058679
1810044O22Rik,2521,11,MMT00075896
Dhcr7,1772,11,MMT00053523
Pmvk,999,11,MMT00030469
Pcsk9,2241,11,MMT00068222
Rdh11,194,11,MMT00006408
Lss,1505,11,MMT00046250
Mvd,1808,11,MMT00054501
Cyp51,2355,11,MMT00071535
Sqle,23,11,MMT00000743
Sc4mol,1956,11,MMT00059097
Idi1,876,11,MMT00026786
Nsdhl,833,11,MMT00025608
Idi1,1852,11,MMT00055476
Fdps,447,11,MMT00013152
Fdps,2458,11,MMT00074306
,1699,11,MMT00051604
,1691,11,MMT00051367
Ldh1,1811,11,MMT00054594
,1910,11,MMT00057790
Ldh1,2174,11,MMT00066041
Ldh1,1242,11,MMT00038058
Ldh1,1402,11,MMT00043176
Ldh1,2741,11,MMT00081411
Ldh1,986,11,MMT00030262
Ldh1,1658,11,MMT00050438
,453,11,MMT00013327
,1363,11,MMT00042064
4930443G12Rik,280,11,MMT00008697
2610018I03Rik,827,11,MMT00025357
,1927,11,MMT00058344
Sox14,1399,11,MMT00043035
Gm1382,2271,11,MMT00069128
,2601,11,MMT00077705
Ugt8,1360,11,MMT00041950
AW047325,2169,11,MMT00065972
,1408,11,MMT00043310
Olfr904,2461,11,MMT00074352
,154,11,MMT00005166
2900073G15Rik,2600,11,MMT00077688
,329,11,MMT00010159
4931417E11Rik,2096,11,MMT00063573
D630032B01Rik,39,11,MMT00001298
BB049667,237,11,MMT00007723
,474,11,MMT00013951
4930583C14Rik,2151,11,MMT00065341
Olfr829,1269,11,MMT00038970
Rnf111,1698,11,MMT00051561
4930543E12Rik,2281,11,MMT00069440
Slc34a2,1282,11,MMT00039295
A930021O22,2338,11,MMT00071052
,1428,11,MMT00044007
Trim16,1105,11,MMT00033627
,2105,11,MMT00063927
Zfp609,68,11,MMT00002161
,948,11,MMT00029151
Tmc1,273,11,MMT00008527
1700007I06Rik,2504,11,MMT00075485
Timm17a,1113,11,MMT00034132
,1390,11,MMT00042857
2410004P03Rik,816,11,MMT00025137
Ddit3,1640,11,MMT00049837
,632,11,MMT00018931
2700081O15Rik,63,11,MMT00002050
C030032C09Rik,898,11,MMT00027574
,1393,11,MMT00042937
E130318E12Rik,1248,11,MMT00038227
,2277,11,MMT00069316
Bmf,361,11,MMT00010990
Lgtn,1986,11,MMT00060165
3300002I08Rik,2425,11,MMT00073393
2700017M01Rik,362,11,MMT00011008
,2715,11,MMT00080694
Ttk,337,11,MMT00010417
Top2a,51,11,MMT00001698
Kntc2,599,11,MMT00018081
2810433K01Rik,98,11,MMT00003410
Sgol1,510,11,MMT00015199
AA545217,854,11,MMT00026166
Nek2,1062,11,MMT00032264
Stk6,1848,11,MMT00055454
Kif22,234,11,MMT00007657
6720460F02Rik,770,11,MMT00023864
2310035M22Rik,927,11,MMT00028594
Stmn1,597,11,MMT00017989
,1452,11,MMT00044983
5430413I02Rik,1533,11,MMT00046909
Mki67,423,11,MMT00012512
2310043D08Rik,2544,11,MMT00076421
Melk,837,11,MMT00025658
Knsl7,849,11,MMT00025972
Chtf18,1992,11,MMT00060309
AW209059,2349,11,MMT00071357
Ris2,596,11,MMT00017895
Timeless,1211,11,MMT00037097
Tcf19,394,11,MMT00011856
Pole,1948,11,MMT00058765
Pcna,581,11,MMT00017411
Pcna,835,11,MMT00025627
Rbl1,396,11,MMT00011887
2610039C10Rik,638,11,MMT00019167
Mad2l1,1337,11,MMT00041229
Ect2,1578,11,MMT00047964
Kntc1,753,11,MMT00023318
4930579G24Rik,1079,11,MMT00033001
2810027O19Rik,289,11,MMT00008988
5730547N13Rik,2603,11,MMT00077765
H2afz,1857,11,MMT00055631
Trip13,1651,11,MMT00050107
Ltb4dh,2707,11,MMT00080541
BC024139,1049,11,MMT00031873
2600017H08Rik,1285,11,MMT00039457
Myl2,1451,11,MMT00044978
Acta1,2163,11,MMT00065834
Fabp3,2407,11,MMT00072840
2310069N01Rik,260,11,MMT00008113
LOC210321,304,11,MMT00009432
Sprrl9,202,11,MMT00006645
Actc1,322,11,MMT00009929
2310061G07Rik,1595,11,MMT00048505
Eef1a2,1335,11,MMT00041171
Pitx1,1415,11,MMT00043678
Asb5,1898,11,MMT00057142
1110014K05Rik,937,11,MMT00028832
Sprrl1,2679,11,MMT00079397
Sprrl2,110,11,MMT00003724
,2142,11,MMT00065021
Tbx1,707,11,MMT00021613
Tpm3,1507,11,MMT00046284
Ak1,1713,11,MMT00052088
Ldh2,2713,11,MMT00080680
1110055E19Rik,1142,11,MMT00034948
Pdlim3,892,11,MMT00027363
2700055K07Rik,2554,11,MMT00076705
Myh2,507,11,MMT00015110
Mb,1199,11,MMT00036635
Eno3,1024,11,MMT00031239
Ankrd23,2128,11,MMT00064507
2310001N14Rik,676,11,MMT00020582
Lor,2228,11,MMT00067838
Rpl3l,55,11,MMT00001949
Krt2-4,2058,11,MMT00062054
,1633,11,MMT00049578
Pgam2,1721,11,MMT00052285
Cacna1s,2136,11,MMT00064856
2300002A13Rik,1498,11,MMT00046184
Kbtbd10,1625,11,MMT00049364
4833423E24Rik,2055,11,MMT00062025
Serpinb11,2238,11,MMT00068087
Apobec2,1054,11,MMT00031896
,2434,11,MMT00073603
2300003P22Rik,628,11,MMT00018850
Krt1-2,2108,11,MMT00064022
Rpl29,350,11,MMT00010823
,2213,11,MMT00067322
,886,11,MMT00027189
Rpl29,2389,11,MMT00072366
Golph3,152,11,MMT00005030
,539,11,MMT00015935
Arf1,1127,11,MMT00034425
Galm,825,11,MMT00025317
Msh4,1966,11,MMT00059312
Glul,1446,11,MMT00044805
Glul,2590,11,MMT00077385
D10Jhu81e,1708,11,MMT00051826
D10Jhu81e,2710,11,MMT00080578
Ywhah,2057,11,MMT00062045
Tpm3,258,11,MMT00008045
E130201H02Rik,1032,11,MMT00031407
Laptm4b,448,11,MMT00013155
Laptm4b,850,11,MMT00025999
,524,11,MMT00015548
,1098,11,MMT00033404
,296,11,MMT00009278
,2564,11,MMT00076860
Eno1,2500,11,MMT00075327
,1056,11,MMT00031955
Eno1,2160,11,MMT00065790
Gstm1,1456,11,MMT00045090
,262,11,MMT00008174
Parva,1080,11,MMT00033024
,1616,11,MMT00049130
Gpi1,1535,11,MMT00046946
Gpi1,2403,11,MMT00072782
Rpl36a,2477,11,MMT00074658
,1588,11,MMT00048238
Nol5,962,11,MMT00029495
2610016F04Rik,2028,11,MMT00061258
Helb,1196,11,MMT00036565
,141,11,MMT00004703
Rpl31,2527,11,MMT00075937
Cox7a2,671,11,MMT00020454
4933434L15Rik,93,11,MMT00003214
Pafah1b1,2417,11,MMT00073193
Tmlhe,890,11,MMT00027275
Mut,2223,11,MMT00067739
Ube2v2,1260,11,MMT00038794
Mbnl2,2179,11,MMT00066220
Zfp395,1692,11,MMT00051382
Birc6,1608,11,MMT00048938
Pde4b,1766,11,MMT00053413
Pura,101,11,MMT00003498
Trio,1174,11,MMT00035990
AF424697,1477,11,MMT00045720
Pfn1,2416,11,MMT00073174
Erh,870,11,MMT00026683
Klf13,1603,11,MMT00048729
Pin4,2047,11,MMT00061821
Ndufa5,2014,11,MMT00060908
D10Bur2e,2398,11,MMT00072582
MGC59407,1148,11,MMT00035163
4930524B17Rik,156,11,MMT00005211
2400003B06Rik,1111,11,MMT00034063
,256,11,MMT00007996
,1659,11,MMT00050488
,1538,11,MMT00047022
,2187,11,MMT00066464
Nudt12,547,11,MMT00016022
BC032271,1042,11,MMT00031593
Eva,2517,11,MMT00075673
Galt,33,11,MMT00001110
Ucp2,813,11,MMT00025023
,244,11,MMT00007836
Orm1,1503,11,MMT00046218
Orm2,909,11,MMT00027861
C530028O21Rik,1599,11,MMT00048659
Saa1,832,11,MMT00025601
,2161,11,MMT00065821
2610507B11Rik,1486,11,MMT00045911
Saa3,1525,11,MMT00046768
Olfr514,2733,11,MMT00081249
Hrh4,97,11,MMT00003391
1200015F23Rik,2574,11,MMT00077144
Olfr535,536,11,MMT00015774
Gprc2a-rs1,922,11,MMT00028409
A930010I20Rik,956,11,MMT00029336
Spred2,1957,11,MMT00059108
1700129I15Rik,1277,11,MMT00039057
,2618,11,MMT00078090
,607,11,MMT00018265
,478,11,MMT00014191
,1733,11,MMT00052624
,563,11,MMT00016640
Olfr894,1110,11,MMT00034023
Phf13,375,11,MMT00011316
,391,11,MMT00011799
,1587,11,MMT00048233
,1102,11,MMT00033528
,1175,11,MMT00035998
,2035,11,MMT00061476
3110035E14Rik,2455,11,MMT00074179
,2104,11,MMT00063881
,78,11,MMT00002546
Olfr918,2381,11,MMT00072188
2510009E07Rik,896,11,MMT00027457
V1rc13,21,11,MMT00000701
Pcdha4,483,11,MMT00014287
Olfr380,620,11,MMT00018606
Nalp9c,2145,11,MMT00065134
,355,11,MMT00010898
AI194318,1240,11,MMT00038047
9230106F14Rik,1067,11,MMT00032546
,603,11,MMT00018202
1110030L07Rik,1061,11,MMT00032234
Ccr4,1805,11,MMT00054453
,543,11,MMT00015971
Hk1,1954,11,MMT00059076
,2655,11,MMT00078861
4921508E09Rik,649,11,MMT00019471
Pik3r1,704,11,MMT00021394
Olfr584,534,11,MMT00015662
Adcy1,1792,11,MMT00054235
Kcna5,925,11,MMT00028515
1700019B16Rik,338,11,MMT00010441
A230091H23,1349,11,MMT00041534
,688,11,MMT00020839
Prkcb,1072,11,MMT00032669
Olfr206,1270,11,MMT00038973
C630005D06Rik,2743,11,MMT00081532
Zic2,1055,11,MMT00031946
Olfr893,1134,11,MMT00034790
,1048,11,MMT00031857
,1972,11,MMT00059556
C920008G01Rik,528,11,MMT00015590
,2156,11,MMT00065745
,294,11,MMT00009216
Gpsm1,1569,11,MMT00047781
Gt(ROSA)26Sor,2133,11,MMT00064717
Olfr1234,1030,11,MMT00031344
Olfr135,2122,11,MMT00064367
,1801,11,MMT00054393
Dhx37,1806,11,MMT00054462
2010300C02Rik,1052,11,MMT00031885
9130003O20Rik,2262,11,MMT00068925
St14,1515,11,MMT00046479
Slc12a8,113,11,MMT00003906
2210008M09Rik,1781,11,MMT00053926
Anxa13,2523,11,MMT00075914
Tacstd1,1773,11,MMT00053622
BC016235,737,11,MMT00022673
Cldn7,782,11,MMT00024126
Agr2,965,11,MMT00029635
2310057J18Rik,2165,11,MMT00065851
,1065,11,MMT00032473
Spink3,2336,11,MMT00071034
Reg3a,1255,11,MMT00038527
Pap,2094,11,MMT00063424
1810008K16Rik,1887,11,MMT00056840
Clca3,2216,11,MMT00067476
C81234,486,11,MMT00014332
Amy1,913,11,MMT00028099
Spink4,1946,11,MMT00058742
,905,11,MMT00027714
AI987662,2268,11,MMT00069033
Nkx2-3,2619,11,MMT00078097
Slc9a2,774,11,MMT00023914
,2278,11,MMT00069333
Slc13a1,481,11,MMT00014249
9030623C06Rik,619,11,MMT00018540
,1176,11,MMT00036034
Calb3,806,11,MMT00024738
Ms4a10,614,11,MMT00018499
,696,11,MMT00021045
Slc5a1,2487,11,MMT00074989
Sectm1,1763,11,MMT00053348
5430425C04Rik,1762,11,MMT00053346
Lgals4,658,11,MMT00020013
Slc26a6,1459,11,MMT00045235
5730427N09Rik,1006,11,MMT00030667
Itln,2229,11,MMT00067843
Retnlb,1321,11,MMT00040748
ORF9,1652,11,MMT00050140
Ahcy,2303,11,MMT00070057
Ahcy,1487,11,MMT00045937
Ahcy,2356,11,MMT00071544
Etnk2,1858,11,MMT00055680
Prodh,1060,11,MMT00032189
Asl,2545,11,MMT00076481
H2-DMb1,594,11,MMT00017876
H2-Aa,624,11,MMT00018689
H2-Ab1,926,11,MMT00028559
H2-Eb1,499,11,MMT00014877
H2-DMa,697,11,MMT00021096
Ccl2,768,11,MMT00023852
Cxcl10,28,11,MMT00000988
Ccl7,725,11,MMT00022140
Ccl4,1892,11,MMT00057048
Ccl3,1953,11,MMT00059060
Cxcl16,1312,11,MMT00040391
Siglec5,1824,11,MMT00054913
Mmp13,2479,11,MMT00074692
Relb,1208,11,MMT00036919
Tlr2,1053,11,MMT00031893
Ier5,1346,11,MMT00041484
Itgax,2129,11,MMT00064508
,321,11,MMT00009927
Slamf8,353,11,MMT00010863
Rhoc,2364,11,MMT00071822
Card11,778,11,MMT00024063
2310057H16Rik,1339,11,MMT00041310
Ccl5,20,11,MMT00000608
Tnfsf6,968,11,MMT00029732
Eomes,13,11,MMT00000373
Sh2d2a,1579,11,MMT00048039
Cd2,148,11,MMT00004895
1810062O14Rik,169,11,MMT00005618
Tcra,2520,11,MMT00075889
Cd72,1157,11,MMT00035445
Slamf9,1601,11,MMT00048708
Pmaip1,219,11,MMT00007048
3110037K17Rik,1183,11,MMT00036211
Ptgs1,1461,11,MMT00045261
Arpc1b,1944,11,MMT00058725
Klra2,1218,11,MMT00037404
Emr4,1681,11,MMT00051110
Cd244,2009,11,MMT00060846
Fabp7,95,11,MMT00003342
Procr,2748,11,MMT00081757
Slc28a2,365,11,MMT00011141
Asahl,1320,11,MMT00040649
Mnda,1760,11,MMT00053281
,2073,11,MMT00062748
Plac8,2450,11,MMT00074100
,56,11,MMT00001995
2310061N23Rik,2763,11,MMT00082445
Ms4a6c,1381,11,MMT00042569
A630077B13Rik,2067,11,MMT00062530
Il1b,844,11,MMT00025857
Samsn1,2256,11,MMT00068575
Socs1,1521,11,MMT00046621
Irf1,2311,11,MMT00070190
AW112010,1187,11,MMT00036330
Gbp3,1889,11,MMT00056865
Psmb9,1746,11,MMT00052967
AI481100,2059,11,MMT00062090
Ifit3,755,11,MMT00023329
5830443L24Rik,1212,11,MMT00037128
A430056A10Rik,1511,11,MMT00046343
Pdcd1lg1,2084,11,MMT00063179
Irg1,1045,11,MMT00031712
Tnf,841,11,MMT00025776
Slc2a6,1532,11,MMT00046900
Pira6,533,11,MMT00015654
Pira3,1879,11,MMT00056585
,766,11,MMT00023822
Slc5a11,1705,11,MMT00051748
D11Ertd759e,1383,11,MMT00042621
Irf7,2206,11,MMT00067186
Lgals3bp,1076,11,MMT00032831
BC027663,2412,11,MMT00072928
C1qb,877,11,MMT00026817
1700095N21Rik,1063,11,MMT00032381
Pltp,2678,11,MMT00079385
Lpxn,1397,11,MMT00042979
Sh3bgrl3,1609,11,MMT00048949
Cxcr3,1554,11,MMT00047364
Tnfrsf18,996,11,MMT00030454
Il2rb,2563,11,MMT00076857
Cd44,1236,11,MMT00038000
Me2,918,11,MMT00028364
Galnt3,1152,11,MMT00035299
Arpc1b,653,11,MMT00019640
Csf2ra,1825,11,MMT00054922
Hk2,1751,11,MMT00053117
Asc,2054,11,MMT00061953
Arhgdib,1837,11,MMT00055118
Gcnt1,2503,11,MMT00075408
C1qa,991,11,MMT00030404
Ncf4,1411,11,MMT00043527
1700001G17Rik,857,11,MMT00026225
4921508O11Rik,1814,11,MMT00054668
Tgm5,172,11,MMT00005722
4930483I10,1516,11,MMT00046496
,460,11,MMT00013499
,1291,11,MMT00039685
4933403M22Rik,1504,11,MMT00046247
BC027127,564,11,MMT00016682
,817,11,MMT00025152
Chml,1727,11,MMT00052525
4930562N12Rik,919,11,MMT00028383
Cntnap2,555,11,MMT00016275
Nsd1,1112,11,MMT00034129
,2039,11,MMT00061598
,102,11,MMT00003506
,626,11,MMT00018824
,1012,11,MMT00030890
Sult1d1,1264,11,MMT00038889
9030611N15Rik,1866,11,MMT00056045
4930432O21Rik,1908,11,MMT00057549
Slco1b2,2777,11,MMT00082798
BC049806,2781,11,MMT00082850
Chm,1210,11,MMT00037060
Osbpl8,2736,11,MMT00081300
4733401N12Rik,1750,11,MMT00053112
6720480D16Rik,2091,11,MMT00063369
Actr6,2342,11,MMT00071213
,945,11,MMT00029122
LOC224598,847,11,MMT00025899
Zfp71-rs1,1203,11,MMT00036715
,264,11,MMT00008184
2310001H12Rik,2125,11,MMT00064436
2310001H12Rik,2371,11,MMT00071947
Atad1,1520,11,MMT00046620
,2595,11,MMT00077564
Ttpa,449,11,MMT00013170
,569,11,MMT00016824
Osgepl1,2670,11,MMT00079275
Cggbp1,2475,11,MMT00074640
Yme1l1,404,11,MMT00012023
4932432K03Rik,1139,11,MMT00034861
,538,11,MMT00015864
6330416L07Rik,129,11,MMT00004326
Zfp617,928,11,MMT00028618
,89,11,MMT00003107
Matr3,845,11,MMT00025869
4930469P12Rik,211,11,MMT00006794
AA407452,548,11,MMT00016033
Gnpnat1,828,11,MMT00025372
Gnpnat1,1284,11,MMT00039396
D3Jfr1,1266,11,MMT00038919
6030408C04Rik,1046,11,MMT00031742
Bche,2540,11,MMT00076328
,66,11,MMT00002151
AW011752,397,11,MMT00011906
Mpp5,708,11,MMT00021626
Kif5b,1729,11,MMT00052548
Tes3,2244,11,MMT00068330
Tes3,2525,11,MMT00075930
,1872,11,MMT00056302
AI648866,700,11,MMT00021143
Nol5a,717,11,MMT00021830
2810405K07Rik,75,11,MMT00002391
1810033A06Rik,1822,11,MMT00054886
Zc3hdc8,1118,11,MMT00034230
F630045L20Rik,2157,11,MMT00065758
Nola3,1298,11,MMT00039920
Sdh1,1137,11,MMT00034813
,290,11,MMT00008996
A930025J12Rik,1945,11,MMT00058733
Mpo,916,11,MMT00028239
Ctsg,2385,11,MMT00072302
Ms4a3,1223,11,MMT00037491
S100a8,2647,11,MMT00078706
A930010I20Rik,1850,11,MMT00055460
,401,11,MMT00011949
,582,11,MMT00017420
AU020772,358,11,MMT00010911
Kcnk7,418,11,MMT00012404
Syt9,1403,11,MMT00043189
4732416F18,799,11,MMT00024574
Olfr837,1947,11,MMT00058760
Plagl1,2784,11,MMT00082906
4930544G11Rik,434,11,MMT00012901
Dsg1a,1918,11,MMT00058057
Gjc1,467,11,MMT00013799
Ccl22,2176,11,MMT00066052
Pou4f1,230,11,MMT00007426
A530088H08Rik,2444,11,MMT00073988
9130430E04,2080,11,MMT00062961
4921506M07Rik,71,11,MMT00002227
Dfy,1368,11,MMT00042243
Pkd1l3,1417,11,MMT00043731
Ppnr,1107,11,MMT00033859
AF119384,1680,11,MMT00051109
Gasz,587,11,MMT00017484
Gabbr1,1194,11,MMT00036491
,2560,11,MMT00076817
,2099,11,MMT00063655
4930405D01Rik,1517,11,MMT00046531
,2578,11,MMT00077174
Ssxb2,310,11,MMT00009589
Sbp,1491,11,MMT00046048
Syt13,1731,11,MMT00052576
Hils1,2411,11,MMT00072905
Dscr1l2,320,11,MMT00009904
,1725,11,MMT00052444
Pipox,2276,11,MMT00069257
,1744,11,MMT00052926
Ppargc1a,489,11,MMT00014421
6720451F06Rik,699,11,MMT00021110
Arsa,232,11,MMT00007603
Fmo3,438,11,MMT00012992
Mtnr1a,2177,11,MMT00066141
Apom,1014,11,MMT00030931
Cyp2g1,1141,11,MMT00034916
Npdc1,247,11,MMT00007859
Npn3,186,11,MMT00006230
9230112O05Rik,295,11,MMT00009272
Fsp27,1286,11,MMT00039459
1110028A07Rik,2089,11,MMT00063359
Igfbp2,879,11,MMT00026944
D19Wsu12e,1329,11,MMT00040982
Tax1bp3,1847,11,MMT00055441
2410004L22Rik,2368,11,MMT00071857
Ccbl1,1613,11,MMT00049092
Synpo,1790,11,MMT00054136
AA960558,1873,11,MMT00056362
Cbr3,1116,11,MMT00034198
Col4a1,2377,11,MMT00072057
Msx2,930,11,MMT00028683
Ahcy,381,11,MMT00011446
,1685,11,MMT00051244
Slc43a1,2031,11,MMT00061313
Cyp2c50,1610,11,MMT00048978
Cyp2c37,2374,11,MMT00072000
Cyp2c54,363,11,MMT00011089
2810006K23Rik,807,11,MMT00024800
Tk1,1770,11,MMT00053497
Tk1,2471,11,MMT00074527
Abcg2,744,11,MMT00022959
3930402F23Rik,836,11,MMT00025633
Aldh1a7,1078,11,MMT00032979
,1636,11,MMT00049743
Ugdh,2742,11,MMT00081439
,18,11,MMT00000549
Aox1,1396,11,MMT00042972
Ephx1,1870,11,MMT00056256
Lbp,1392,11,MMT00042929
Socs3,842,11,MMT00025842
Slc37a1,2439,11,MMT00073735
Prtn3,498,11,MMT00014842
A230035L05Rik,1645,11,MMT00050031
Ppm1f,2042,11,MMT00061739
Ntf3,2066,11,MMT00062460
Il13ra1,1597,11,MMT00048535
Dnajc12,2754,11,MMT00082041
Mesp1,2087,11,MMT00063274
9030624L02Rik,491,11,MMT00014558
Gstm2,540,11,MMT00015943
Gpld1,570,11,MMT00016835
Spon2,678,11,MMT00020602
5430432M24Rik,897,11,MMT00027530
Gne,26,11,MMT00000887
LOC13909,561,11,MMT00016621
Egfr,1687,11,MMT00051292
Slc16a1,183,11,MMT00006142
Tceal1,2043,11,MMT00061767
2600011E07Rik,1480,11,MMT00045775
S100a10,2341,11,MMT00071189
Mgst3,729,11,MMT00022295
Gsta2,805,11,MMT00024723
Cyp2c55,2529,11,MMT00075972
Lrg1,2765,11,MMT00082551
,2297,11,MMT00069884
,1091,11,MMT00033222
Cd36,2663,11,MMT00078976
Tgm1,846,11,MMT00025886
BC038881,1818,11,MMT00054735
,131,11,MMT00004397
Impa2,592,11,MMT00017837
5730469M10Rik,1147,11,MMT00035158
C86987,623,11,MMT00018643
Ppm1l,526,11,MMT00015563
Tusc3,70,11,MMT00002209
Plekhm1,1206,11,MMT00036859
Sgcd,2597,11,MMT00077598
BC043118,2346,11,MMT00071297
Mafa,2510,11,MMT00075602
AU020772,360,11,MMT00010988
,1568,11,MMT00047746
4932431F02Rik,2756,11,MMT00082110
4933428G20Rik,503,11,MMT00014940
AI428795,2085,11,MMT00063198
3110041P15Rik,946,11,MMT00029126
Dok4,1907,11,MMT00057508
Tgfb1i1,1150,11,MMT00035243
Hlx,2041,11,MMT00061735
mKIAA1236,2580,11,MMT00077244
Plxnd1,1994,11,MMT00060423
Bace2,2321,11,MMT00070429
Kcnq1,573,11,MMT00016958
2810432L12Rik,2314,11,MMT00070277
Grasp,2612,11,MMT00078014
Cmya4,2729,11,MMT00081171
Gm644,2728,11,MMT00081127
BC024988,1544,11,MMT00047197
A830073O21Rik,120,11,MMT00003982
Ehd3,1963,11,MMT00059241
E030006K04Rik,451,11,MMT00013227
Flt1,2098,11,MMT00063623
Bmp2,739,11,MMT00022754
D330012D11Rik,2664,11,MMT00079074
Ednrb,2130,11,MMT00064537
Slc43a3,2296,11,MMT00069854
Kdr,681,11,MMT00020651
Ptprb,1807,11,MMT00054464
Rdhs,4,11,MMT00000102
AY053573,616,11,MMT00018532
Slc27a3,519,11,MMT00015440
Cth,1359,11,MMT00041929
Aass,2394,11,MMT00072521
,1165,11,MMT00035676
Arl10b,567,11,MMT00016764
Paics,2697,11,MMT00080077
Sfxn3,589,11,MMT00017674
Fmnl3,2672,11,MMT00079316
Adamts10,2435,11,MMT00073627
Itpr3,1283,11,MMT00039375
Kctd11,2204,11,MMT00067152
Slco3a1,2164,11,MMT00065847
Igsf4a,612,11,MMT00018374
Agpat4,862,11,MMT00026351
Ccnd2,1565,11,MMT00047668
A330042H22,2253,11,MMT00068519
A330042H22,873,11,MMT00026749
4933431N12Rik,100,11,MMT00003456
Tpm4,2351,11,MMT00071405
H2-DMb1,1888,11,MMT00056860
Ii,2339,11,MMT00071068
Mylip,2134,11,MMT00064719
Vcam1,1292,11,MMT00039701
P4ha1,2255,11,MMT00068530
Fmnl2,2442,11,MMT00073829
Slc9a9,1204,11,MMT00036738
Il16,629,11,MMT00018890
Fyn,1084,11,MMT00033108
4933426L22Rik,701,11,MMT00021232
Cysltr1,1951,11,MMT00058920
Tm4sf13,963,11,MMT00029582
Abcg3,1767,11,MMT00053434
Pira3,577,11,MMT00017147
Pla2g7,165,11,MMT00005471
BC067047,1925,11,MMT00058337
Sgk,1826,11,MMT00054925
C730007L20Rik,1926,11,MMT00058342
Tgfbr2,2234,11,MMT00067955
Blnk,400,11,MMT00011935
Rragd,2050,11,MMT00061884
Ctsd,814,11,MMT00025056
Soat1,2489,11,MMT00075035
2610020H15Rik,1448,11,MMT00044866
Ctsb,1629,11,MMT00049477
Prss11,1094,11,MMT00033268
0610039P13Rik,2330,11,MMT00070750
Actg,462,11,MMT00013585
Dck,2301,11,MMT00070040
Atp6v1a1,1145,11,MMT00035101
Arp3b,1096,11,MMT00033297
Rerg,1838,11,MMT00055125
2810404F18Rik,1701,11,MMT00051624
Lmo2,1278,11,MMT00039138
C820005L12Rik,1921,11,MMT00058222
5730403B10Rik,1224,11,MMT00037543
Fkbp5,990,11,MMT00030357
D16H22S680E,2140,11,MMT00064977
Dsip1,1039,11,MMT00031585
4631416L12Rik,1663,11,MMT00050576
Slc38a2,906,11,MMT00027763
Tat,2428,11,MMT00073496
Nfe2l2,1057,11,MMT00032021
1810008K03Rik,1969,11,MMT00059404
Slc37a4,1845,11,MMT00055415
Fbxo14,1960,11,MMT00059226
D4Bwg0951e,2700,11,MMT00080105
Tm4sf3,1949,11,MMT00058789
Scara3,1689,11,MMT00051303
Tesc,970,11,MMT00029763
Foxj1,1443,11,MMT00044677
6430401A05Rik,1276,11,MMT00039035
0610010O12Rik,2225,11,MMT00067776
Hal,521,11,MMT00015524
Clcn5,1178,11,MMT00036060
2810022L02Rik,978,11,MMT00030080
Golph2,1593,11,MMT00048462
1600029D21Rik,627,11,MMT00018843
Semcap2,1711,11,MMT00051955
Ddit4l,993,11,MMT00030413
2310047C17Rik,2329,11,MMT00070699
Jun,160,11,MMT00005285
Slpi,1582,11,MMT00048155
Defb1,1880,11,MMT00056614
Unc5b,57,11,MMT00002002
Osbpl3,2029,11,MMT00061273
Lgals1,1952,11,MMT00059054
9330129D05Rik,2025,11,MMT00061203
Pdk4,379,11,MMT00011436
Cyp4f14,2690,11,MMT00079786
Spp1,1586,11,MMT00048209
Cyp2d13,606,11,MMT00018239
9030622O22Rik,1641,11,MMT00049893
Avpr1a,1023,11,MMT00031229
Postn,1326,11,MMT00040888
Edn1,1795,11,MMT00054261
Pex11a,1453,11,MMT00044996
Crat,2632,11,MMT00078486
0610039N19Rik,395,11,MMT00011876
Lamb3,953,11,MMT00029192
,2319,11,MMT00070342
Gal3st1,246,11,MMT00007847
Slc25a10,2561,11,MMT00076818
Pparg,911,11,MMT00028002
Clstn3,784,11,MMT00024150
Drctnnb1a,2390,11,MMT00072411
Fthfd,1414,11,MMT00043677
Gnmt,1835,11,MMT00055087
Sds,2252,11,MMT00068518
Got1,2397,11,MMT00072555
Gdf10,1000,11,MMT00030541
1600015H20Rik,1683,11,MMT00051177
Ltbp1,65,11,MMT00002102
Dcn,1083,11,MMT00033105
Bgn,923,11,MMT00028503
Cbfa2t1h,1602,11,MMT00048720
Tnc,1043,11,MMT00031617
Timp1,133,11,MMT00004428
Cxcl5,959,11,MMT00029369
AU041783,1018,11,MMT00031029
Rgs5,1723,11,MMT00052337
Kcnj8,2646,11,MMT00078698
Nbea,444,11,MMT00013122
Ctla2a,662,11,MMT00020088
Bok,1631,11,MMT00049553
Pdlim2,2470,11,MMT00074523
D4st1,201,11,MMT00006545
,885,11,MMT00027170
2810004A10Rik,2493,11,MMT00075171
Ehd2,236,11,MMT00007709
Gfra1,1649,11,MMT00050086
Xbp1,693,11,MMT00021004
Krt1-23,1021,11,MMT00031086
Dnaic1,1916,11,MMT00058021
4933425F03Rik,1003,11,MMT00030620
,2158,11,MMT00065770
Nnmt,1769,11,MMT00053489
Mbl1,2474,11,MMT00074580
Stat3,1460,11,MMT00045252
Hspb8,2593,11,MMT00077517
Car3,951,11,MMT00029178
AI428936,2363,11,MMT00071772
Pde6h,2666,11,MMT00079144
Sgk2,2566,11,MMT00076939
Mt1,1077,11,MMT00032920
Fgl1,2181,11,MMT00066276
Slc3a1,901,11,MMT00027663
D10Ucla2,1188,11,MMT00036340
A530057A03Rik,128,11,MMT00004283
Lama1,1182,11,MMT00036178
Osbpl5,180,11,MMT00006077
Cfh,715,11,MMT00021743
Serpine1,27,11,MMT00000963
Gpr109b,2547,11,MMT00076519
9130017A15Rik,2021,11,MMT00061101
Dusp10,2405,11,MMT00072790
Tagln2,349,11,MMT00010818
2310067E08Rik,1155,11,MMT00035381
Ngfrap1,31,11,MMT00001077
9030408N13Rik,604,11,MMT00018234
Plekha4,853,11,MMT00026117
Gpx7,981,11,MMT00030150
Agt,2245,11,MMT00068357
Kcne3,1626,11,MMT00049383
Phlda3,1527,11,MMT00046836
Chsy1,2550,11,MMT00076583
Lrfn5,2734,11,MMT00081261
Neb,787,11,MMT00024268
2010002N04Rik,2553,11,MMT00076621
,263,11,MMT00008176
Mdfi,838,11,MMT00025664
Txk,1280,11,MMT00039182
Traf1,2299,11,MMT00069955
Slc6a8,2532,11,MMT00076056
Tgfbi,2538,11,MMT00076229
Il7r,405,11,MMT00012066
Gdf3,1982,11,MMT00060021
2510004L01Rik,1703,11,MMT00051671
Ckb,2491,11,MMT00075074
Rassf1,2592,11,MMT00077423
Mthfd2,982,11,MMT00030184
Adamts4,2101,11,MMT00063772
Rasgef1b,1225,11,MMT00037564
Oasl1,2287,11,MMT00069586
Tslpr,1863,11,MMT00055845
Ptpro,1229,11,MMT00037740
Ly108,41,11,MMT00001387
9530011P19Rik,1261,11,MMT00038795
Bmp8b,1058,11,MMT00032069
Sdcbp2,251,11,MMT00007963
Tinag,1161,11,MMT00035506
5730427C23Rik,1784,11,MMT00054020
Col5a3,25,11,MMT00000840
Tjp3,1217,11,MMT00037403
2310004K20Rik,2432,11,MMT00073538
Nrn1,668,11,MMT00020363
Prlr,2221,11,MMT00067692
Tjp2,2692,11,MMT00079874
4833409A17Rik,995,11,MMT00030448
,1340,11,MMT00041314
Ctps,117,11,MMT00003970
Cml1,2214,11,MMT00067333
Sept9,579,11,MMT00017203
,641,11,MMT00019191
Dp1,162,11,MMT00005418
BC025446,743,11,MMT00022932
Stk39,2200,11,MMT00067105
Chad,1009,11,MMT00030781
E330023O18,1333,11,MMT00041088
Sh3bp4,255,11,MMT00007995
1500004A08Rik,1542,11,MMT00047127
Sema5a,974,11,MMT00029984
Bicc1,1883,11,MMT00056716
Pdgfa,1995,11,MMT00060443
Zfp423,1479,11,MMT00045751
Large,1984,11,MMT00060094
Kifc3,541,11,MMT00015966
Krt1-18,935,11,MMT00028770
,1718,11,MMT00052210
Csf3r,542,11,MMT00015970
Saa4,893,11,MMT00027398
Ifitm2,1407,11,MMT00043307
Mmp10,2182,11,MMT00066301
Vtn,830,11,MMT00025527
Lcat,2030,11,MMT00061312
Slc16a10,1496,11,MMT00046167
Gulo,1712,11,MMT00051995
Klf15,1886,11,MMT00056821
Klf3,1600,11,MMT00048682
2310067G05Rik,859,11,MMT00026271
Fgfr4,2694,11,MMT00079885
Ass1,421,11,MMT00012502
Ass1,1970,11,MMT00059439
Sfrs5,588,11,MMT00017636
Sfrs5,1377,11,MMT00042488
Rps8,1027,11,MMT00031280
Ywhaz,2235,11,MMT00067969
Dsg2,1545,11,MMT00047198
Pank3,388,11,MMT00011559
Pitpnb,908,11,MMT00027858
Ncbp2,1810,11,MMT00054545
Clic4,1661,11,MMT00050551
Dkk3,2557,11,MMT00076735
Ysg2,2217,11,MMT00067495
BC042593,1384,11,MMT00042643
Tnfrsf21,1529,11,MMT00046867
5830404H04Rik,2401,11,MMT00072669
Mkln1,992,11,MMT00030412
1300019C06Rik,1420,11,MMT00043889
1300018L09Rik,910,11,MMT00027978
,2333,11,MMT00070955
Cd2ap,2625,11,MMT00078212
Rnf125,1549,11,MMT00047266
Rnf125,2005,11,MMT00060741
Gucy1a3,1993,11,MMT00060382
Gpc6,1716,11,MMT00052162
Cacna2d1,2061,11,MMT00062170
Cpeb1,440,11,MMT00013033
Lip1,2747,11,MMT00081718
,938,11,MMT00028844
4930485B16Rik,856,11,MMT00026215
1110025F24Rik,2782,11,MMT00082869
0610011L13Rik,819,11,MMT00025239
Fmo2,2492,11,MMT00075170
4921505C17Rik,203,11,MMT00006662
Cdkn1c,1472,11,MMT00045544
Wdr10,2023,11,MMT00061169
Spnb2,1884,11,MMT00056768
Zfhx1b,1575,11,MMT00047884
6430548M08Rik,2173,11,MMT00066012
4932703L02Rik,330,11,MMT00010174
,2408,11,MMT00072855
2610510D13Rik,1648,11,MMT00050076
9430025M21Rik,776,11,MMT00024043
,1400,11,MMT00043109
,2495,11,MMT00075201
,249,11,MMT00007878
2610529C04Rik,407,11,MMT00012141
2700017A04Rik,2212,11,MMT00067321
Mtf2,1869,11,MMT00056241
Dbt,2334,11,MMT00070974
Arpc2,1162,11,MMT00035527
Cpd,406,11,MMT00012128
BC025076,1103,11,MMT00033582
,138,11,MMT00004614
AA408556,2395,11,MMT00072543
Casp3,248,11,MMT00007875
Ttrap,2653,11,MMT00078837
Abcd3,126,11,MMT00004264
Papss1,1774,11,MMT00053710
2810439K08Rik,105,11,MMT00003575
Tfpi2,2072,11,MMT00062714
Lactb2,153,11,MMT00005139
Idh1,1647,11,MMT00050061
D530020C15Rik,1896,11,MMT00057115
1110020L19Rik,177,11,MMT00005900
1110020L19Rik,1612,11,MMT00049025
Rps6kb2,254,11,MMT00007992
4932407I05,1738,11,MMT00052856
Serpinb9e,2167,11,MMT00065858
Eml5,748,11,MMT00023079
Car9,2024,11,MMT00061183
4933428D01Rik,2263,11,MMT00068931
9130209A04Rik,1192,11,MMT00036477
Bsnd,306,11,MMT00009488
Tgfbr2,2259,11,MMT00068806
B230303A05,432,11,MMT00012889
9930020N01,1557,11,MMT00047445
4831417L10,883,11,MMT00027142
Olfr1018,1664,11,MMT00050612
4930444A19Rik,794,11,MMT00024414
,2081,11,MMT00063076
Tekt1,1893,11,MMT00057054
Gprc2a,1457,11,MMT00045174
Cnga1,77,11,MMT00002529
Aicda,2139,11,MMT00064954
4921537P18Rik,655,11,MMT00019803
5330410G16Rik,2683,11,MMT00079550
1700007N18Rik,0,11,MMT00000044
A630024B12Rik,554,11,MMT00016245
,312,11,MMT00009646
A430081C19Rik,2709,11,MMT00080563
Il22ra2,473,11,MMT00013936
,1256,11,MMT00038636
,672,11,MMT00020473
,793,11,MMT00024382
Trf3,2079,11,MMT00062881
Olfr616,1728,11,MMT00052545
Foxj2,2548,11,MMT00076566
A530017F20,684,11,MMT00020711
AMACO,2185,11,MMT00066435
Cul4a,1193,11,MMT00036488
Il1f6,1720,11,MMT00052270
Clca1,1011,11,MMT00030865
Clca2,1287,11,MMT00039465
Siat8d,958,11,MMT00029363
Arhgap15,2292,11,MMT00069696
3110050N22Rik,2279,11,MMT00069398
C130086A10,575,11,MMT00017044
Casp12,2559,11,MMT00076754
Serpinb6b,1882,11,MMT00056703
Qk,2114,11,MMT00064154
Sema3d,989,11,MMT00030349
Cav2,2195,11,MMT00066884
Sec14l4,1180,11,MMT00036133
Cyp2d22,767,11,MMT00023847
Ppargc1b,2350,11,MMT00071368
AA175286,79,11,MMT00002592
Slc25a22,2135,11,MMT00064768
Kctd15,2484,11,MMT00074808
Dnmt2,303,11,MMT00009398
Pbef1,42,11,MMT00001397
Aspa,1514,11,MMT00046474
BC029169,2016,11,MMT00061002
Ttr,2017,11,MMT00061012
Glrx1,374,11,MMT00011289
Rplp1,1536,11,MMT00046983
Mtac2d1,860,11,MMT00026280
Atp6v1e1,1367,11,MMT00042179
Gdap10,2399,11,MMT00072644
Tns,226,11,MMT00007321
A530050D06Rik,2583,11,MMT00077325
,2159,11,MMT00065780
LOC230872,2641,11,MMT00078625
Mkl1,472,11,MMT00013918
BC037034,1364,11,MMT00042103
Erbb3,710,11,MMT00021649
Spata13,1478,11,MMT00045746
Tbc1d10,1143,11,MMT00035002
A230106M15Rik,2631,11,MMT00078449
5330421F07Rik,2571,11,MMT00077103
Odf2,187,11,MMT00006257
2410025L10Rik,2127,11,MMT00064475
Dnaja1,900,11,MMT00027656
Dnaja1,1216,11,MMT00037385
Aldh1a7,1226,11,MMT00037571
D11Bwg0280e,415,11,MMT00012369
Klra5,2103,11,MMT00063833
AI451557,509,11,MMT00015196
Psmb10,2751,11,MMT00081967
Arid5a,747,11,MMT00023027
2610207I16Rik,887,11,MMT00027194
Ehhadh,2141,11,MMT00065001
Mme,1082,11,MMT00033085
,368,11,MMT00011231
8430416H19Rik,2468,11,MMT00074496
4930405M20Rik,1231,11,MMT00037796
4931406C07Rik,1655,11,MMT00050299
Chc1l,578,11,MMT00017157
6330409N04Rik,1911,11,MMT00057799
Cks1,2581,11,MMT00077279
A830093I24Rik,1234,11,MMT00037893
2900005J15Rik,1373,11,MMT00042327
Sfrs7,537,11,MMT00015827
Brodl,269,11,MMT00008447
Kdelr2,2522,11,MMT00075907
C030006K11Rik,107,11,MMT00003620
Fntb,1352,11,MMT00041646
D16Ertd502e,1564,11,MMT00047633
Agpat2,2150,11,MMT00065319
Copa,386,11,MMT00011514
2610208E05Rik,2052,11,MMT00061936
Tbl1x,2309,11,MMT00070173
5730453H04Rik,2077,11,MMT00062802
BC031407,572,11,MMT00016938
Centa2,266,11,MMT00008290
Mobkl2b,1607,11,MMT00048866
1110021L09Rik,1637,11,MMT00049749
A930006D20Rik,635,11,MMT00019091
Col12a1,756,11,MMT00023406
H2afx,1319,11,MMT00040627
1810013B01Rik,2191,11,MMT00066627
6330503K22Rik,1158,11,MMT00035474
Nkd1,1707,11,MMT00051795
Rnu17d,2739,11,MMT00081360
,228,11,MMT00007367
,1722,11,MMT00052319
Gpr155,505,11,MMT00015021
Hba-x,2420,11,MMT00073300
Trib1,317,11,MMT00009718
C230043N17Rik,346,11,MMT00010595
Ell2,455,11,MMT00013381
Cyp39a1,1961,11,MMT00059229
Otc,646,11,MMT00019286
Cldn12,2392,11,MMT00072445
Zfp131,480,11,MMT00014231
1600019O04Rik,2511,11,MMT00075604
AW111922,242,11,MMT00007811
2510038N07Rik,2086,11,MMT00063266
Crem,683,11,MMT00020710
Grcc3f,293,11,MMT00009113
Cbfa2t3h,1017,11,MMT00031006
Paox,1743,11,MMT00052924
Fads2,429,11,MMT00012675
Fads1,1537,11,MMT00046994
Fdps,2207,11,MMT00067195
Mug1,1022,11,MMT00031178
Mug2,1156,11,MMT00035408
,1101,11,MMT00033522
Bet1,921,11,MMT00028408
Ung,2275,11,MMT00069238
Scarb1,2053,11,MMT00061944
Gbe1,2773,11,MMT00082677
Stard4,781,11,MMT00024116
Ngfa,994,11,MMT00030442
Eaf2,1991,11,MMT00060307
Pfkfb1,2637,11,MMT00078546
Acsl4,2379,11,MMT00072142
Pstpip2,272,11,MMT00008523
Rohn,1485,11,MMT00045905
,1816,11,MMT00054728
Ptp4a1,2569,11,MMT00077065
H2-T10,145,11,MMT00004855
,2462,11,MMT00074377
4930544G21Rik,53,11,MMT00001791
Cyp2b9,2155,11,MMT00065736
Cts7,2642,11,MMT00078657
Scpep1,2524,11,MMT00075927
BC004004,1167,11,MMT00035731
Gstm6,2000,11,MMT00060569
Tpi,161,11,MMT00005318
Igfbp3,1323,11,MMT00040819
Snrk,1697,11,MMT00051549
Il1rap,839,11,MMT00025729
4933425I22Rik,2505,11,MMT00075514
Slc25a15,818,11,MMT00025215
Cyp2d10,1074,11,MMT00032812
Aqp9,1181,11,MMT00036166
Mpp1,1378,11,MMT00042535
S100a11,1753,11,MMT00053164
4931427F14Rik,1429,11,MMT00044120
Cgn,2606,11,MMT00077903
Lnk,884,11,MMT00027151
2310076K21Rik,1573,11,MMT00047853
Fus,2109,11,MMT00064033
,1100,11,MMT00033504
BC011209,1912,11,MMT00057809
Hdac10,270,11,MMT00008457
,2375,11,MMT00072013
Gck,550,11,MMT00016157
Ethe1,1416,11,MMT00043689
AA408451,275,11,MMT00008578
Ralgps1,2197,11,MMT00067054
Luc7l2,1154,11,MMT00035373
Rnu22,2409,11,MMT00072901
Cited2,412,11,MMT00012288
Acsl1,924,11,MMT00028506
,111,11,MMT00003764
Flt4,2063,11,MMT00062241
Tm4sf11,2239,11,MMT00068147
0610011I04Rik,284,11,MMT00008892
Hipk3,518,11,MMT00015391
Prkca,789,11,MMT00024287
Gsh1,894,11,MMT00027432
D11Wsu68e,2230,11,MMT00067853
Vps52,2436,11,MMT00073698
,2607,11,MMT00077908
Ap3m1,944,11,MMT00029120
Ap3m1,2698,11,MMT00080093
Cyp3a41,2190,11,MMT00066626
Icosl,973,11,MMT00029795
Padi2,1799,11,MMT00054328
AI604832,2304,11,MMT00070074
Enpep,1856,11,MMT00055612
ank,2093,11,MMT00063384
4930520C08Rik,1787,11,MMT00054045
2010321J07Rik,1686,11,MMT00051291
C730048C13Rik,2348,11,MMT00071340
Ugp2,1245,11,MMT00038123
Frap1,772,11,MMT00023884
Zfp294,1800,11,MMT00054378
,134,11,MMT00004455
AW555464,1757,11,MMT00053222
Cnn3,410,11,MMT00012250
Zik1,2691,11,MMT00079850
Flnb,123,11,MMT00004126
Stat5a,608,11,MMT00018269
Rps14,731,11,MMT00022462
Tbc1d13,1289,11,MMT00039534
Rgpr,222,11,MMT00007190
4930504E06Rik,326,11,MMT00010000
Tgif,158,11,MMT00005229
Hexb,639,11,MMT00019174
Tank,61,11,MMT00002046
Pon2,2300,11,MMT00069969
Resp18,1247,11,MMT00038212
C1galt1,651,11,MMT00019546
Ppp1r2,1338,11,MMT00041235
Sms,2509,11,MMT00075591
,1466,11,MMT00045463
,2112,11,MMT00064136
2610304F09Rik,1075,11,MMT00032821
Nup210,2400,11,MMT00072646
Ccng1,733,11,MMT00022559
Klhl13,309,11,MMT00009572
1700007D05Rik,2391,11,MMT00072421
Bivm,1146,11,MMT00035121
Utx,1828,11,MMT00054936
Kif2a,114,11,MMT00003908
4921532K09Rik,532,11,MMT00015632
Pms1,823,11,MMT00025310
Stch,1977,11,MMT00059829
Pole4,1748,11,MMT00053106
Sdro,574,11,MMT00016980
Mkks,2446,11,MMT00074058
Tdo2,2496,11,MMT00075265
Jak2,174,11,MMT00005757
Ddx41,1149,11,MMT00035224
Ubqln1,1325,11,MMT00040841
C330018D20Rik,50,11,MMT00001675
Btbd5,2354,11,MMT00071524
Gyk,1468,11,MMT00045480
Nt5e,644,11,MMT00019212
4930451A13Rik,1481,11,MMT00045781
2310036D22Rik,2282,11,MMT00069458
Nfkbil1,1567,11,MMT00047734
BC004056,2078,11,MMT00062845
AF397014,741,11,MMT00022891
1700003H21Rik,2184,11,MMT00066426
1110061N23Rik,1010,11,MMT00030812
Hpxn,1524,11,MMT00046735
Trim34,960,11,MMT00029409
Trim12,1915,11,MMT00058011
H2afz,750,11,MMT00023166
C330027C09Rik,24,11,MMT00000793
4632434I11Rik,1668,11,MMT00050815
Pola1,1841,11,MMT00055354
,500,11,MMT00014892
Olig2,1758,11,MMT00053241
Hmgb2,2367,11,MMT00071845
D630024B06Rik,91,11,MMT00003188
2810406C15Rik,314,11,MMT00009670
5830482G23Rik,1540,11,MMT00047041
5730497N03Rik,217,11,MMT00006957
,1519,11,MMT00046594
Glg1,1759,11,MMT00053249
Ppp1cb,1765,11,MMT00053389
SST3,1559,11,MMT00047455
Enpp2,843,11,MMT00025851
,2464,11,MMT00074398
D930050H05Rik,1308,11,MMT00040228
2610005L07Rik,2712,11,MMT00080630
Fgd6,2783,11,MMT00082877
Prkaa2,147,11,MMT00004888
BC023892,1919,11,MMT00058126
C530009C10Rik,674,11,MMT00020566
Mrg1,1133,11,MMT00034749
C430010P07Rik,1776,11,MMT00053732
2810043G22Rik,11,11,MMT00000283
1810015C04Rik,178,11,MMT00005990
Clic4,1342,11,MMT00041350
,749,11,MMT00023085
Ggh,2100,11,MMT00063686
5730455A04Rik,2757,11,MMT00082126
,2008,11,MMT00060830
Cul2,1361,11,MMT00041965
B230380D07Rik,1812,11,MMT00054611
,1422,11,MMT00043905
Kua,2331,11,MMT00070773
Mbd1,2759,11,MMT00082181
1810030N24Rik,342,11,MMT00010509
1700003H21Rik,2186,11,MMT00066463
Nme2,552,11,MMT00016198
Cox7c,2074,11,MMT00062763
Cdc42ep1,2706,11,MMT00080534
Pace4,2562,11,MMT00076847
Mgll,2615,11,MMT00078055
Lnx2,811,11,MMT00024978
Sbk,657,11,MMT00019932
,1431,11,MMT00044203
B2m,711,11,MMT00021652
Bcl11b,1678,11,MMT00051013
Zfpn1a3,2718,11,MMT00080768
Hist1h1b,1131,11,MMT00034683
Sim1,1362,11,MMT00042016
Nfatc2ip,2775,11,MMT00082753
4930511I11Rik,341,11,MMT00010506
Ankrd1,1185,11,MMT00036250
Rbm9,1271,11,MMT00038982
Csnk1e,1719,11,MMT00052262
Immt,1389,11,MMT00042847
,195,11,MMT00006429
AW121567,1688,11,MMT00051300
,2286,11,MMT00069507
V1rc1,1108,11,MMT00033930
Glp2r,2196,11,MMT00066928
D2Ertd145e,786,11,MMT00024229
2810446P07Rik,1244,11,MMT00038084
Cdh22,1365,11,MMT00042151
6330407D12Rik,216,11,MMT00006888
,637,11,MMT00019132
4732435N03Rik,1299,11,MMT00039957
Zfp239,2366,11,MMT00071832
Nova1,2685,11,MMT00079611
AI788959,1303,11,MMT00040075
Olfm1,1421,11,MMT00043897
Ets1,1591,11,MMT00048288
Zfp292,1455,11,MMT00045019
Pdgfc,686,11,MMT00020764
Gpr49,745,11,MMT00022978
BC026585,1877,11,MMT00056571
,305,11,MMT00009436
Tdgf1,1592,11,MMT00048305
Dmp1,1980,11,MMT00059941
Pla2g6,964,11,MMT00029631
Abcc3,2605,11,MMT00077899
Nical,1413,11,MMT00043563
A430065P05Rik,340,11,MMT00010490
,389,11,MMT00011590
Adnp,2060,11,MMT00062128
F5,765,11,MMT00023728
Pigr,1387,11,MMT00042811
BC010552,1151,11,MMT00035294
Igfals,1322,11,MMT00040765
9130422G05Rik,977,11,MMT00030014
Lin7a,1395,11,MMT00042966
Tnfrsf12a,384,11,MMT00011486
Gpt2,1314,11,MMT00040489
Magee1,17,11,MMT00000517
Pdcd4,2332,11,MMT00070800
4933434G05Rik,602,11,MMT00018170
Ngef,221,11,MMT00007117
Cyp4f15,327,11,MMT00010083
Gys2,643,11,MMT00019204
2410014A08Rik,1917,11,MMT00058036
Fhit,370,11,MMT00011257
2410030K01Rik,1546,11,MMT00047216
Alas2,2665,11,MMT00079130
AW547365,408,11,MMT00012202
Raet1e,797,11,MMT00024538
Tkt,2202,11,MMT00067143
Nudt1,2626,11,MMT00078229
Zfp533,1350,11,MMT00041568
C630011I23,2001,11,MMT00060603
Sec8l1,2220,11,MMT00067534
BC014685,1020,11,MMT00031063
Adam11,2675,11,MMT00079348
2610528M18Rik,1059,11,MMT00032143
1700012B18Rik,941,11,MMT00028949
2310014L17Rik,2531,11,MMT00076051
2610029K21Rik,8,11,MMT00000212
Etnk1,831,11,MMT00025574
Cox7a1,2117,11,MMT00064288
2010209O12Rik,670,11,MMT00020421
Banp,1570,11,MMT00047786
AI842396,2224,11,MMT00067765
2610204M08Rik,2586,11,MMT00077367
Farp1,2726,11,MMT00081115
Baiap2,313,11,MMT00009668
Foxo1,2088,11,MMT00063309
,210,11,MMT00006763
Guca1b,2551,11,MMT00076595
Pfn2,1583,11,MMT00048191
2510049J12Rik,2048,11,MMT00061835
3732412D22Rik,2518,11,MMT00075754
Gnai1,2722,11,MMT00080984
9430059P22Rik,2038,11,MMT00061586
Tagln,213,11,MMT00006822
Art3,1252,11,MMT00038471
Itga8,757,11,MMT00023451
Jam3,2051,11,MMT00061892
Abcc9,2422,11,MMT00073344
Slco2b1,2249,11,MMT00068489
Phca,2288,11,MMT00069588
Hamp,631,11,MMT00018925
4933432P15Rik,1249,11,MMT00038265
Osmr,1614,11,MMT00049096
Trp53inp1,2180,11,MMT00066232
Acadm,2415,11,MMT00073154
Gca,2633,11,MMT00078523
4930503L19Rik,654,11,MMT00019699
0610012D14Rik,815,11,MMT00025062
Lrp11,2481,11,MMT00074754
Abi2,779,11,MMT00024067
9630054F20Rik,2013,11,MMT00060897
Dip2,2454,11,MMT00074170
Kitl,265,11,MMT00008266
Rab27b,1531,11,MMT00046895
Agxt,2095,11,MMT00063470
Slc38a4,14,11,MMT00000401
Tmeff1,364,11,MMT00011091
Dnclc1,1209,11,MMT00036968
Lrrc25,730,11,MMT00022453
Stat1,2465,11,MMT00074411
Ccr5,171,11,MMT00005653
Skil,2323,11,MMT00070510
