genename,lab1,lab2,non1,non2
Pafah1b2,17821,6621.523147,4413.130565,5166.555405
Col1a2,11471,46160.62914,5384.415414,11526.57067
Pimreg,3619.8,7809.348163,1885.105701,2182.818764
Ece2,4368,7241.798139,2039.646059,3104.753018
H1-7,13524,7854.745794,8524.998645,4029.384259
Ndufs8,16105,21422.90284,8636.147823,10239.84729
Clcc1,7221.9,10670.51391,4202.559555,4969.762418
Ttr,7905.3,25057.89907,4512.422094,10360.77667
Myh11,12321,20784.15021,6150.471708,10623.51532
Ccdc172,14790,19390.36332,9538.111027,9839.649351
Stx16,1290.7,1304.919045,711.1332249,820.2230779
Cdipt,11880,9956.098565,8702.342176,5818.965047
C2cd4c,8056.9,4681.531076,4803.260272,3954.216646
Dlg5,7323.8,6395.968604,7234.729989,2614.94554
Afg3l2,30196,24549.76418,17385.13878,18480.44487
Crbn,3832.9,6399.632273,2423.13027,3789.526494
Kifap3,17288,17204.90546,7022.074116,14808.19378
Gzmb,15360,12824.43235,11050.41743,8878.304299
Ewsr1,10483,11279.6386,6228.263103,8092.002347
Rps26,13294,8691.655092,8688.269361,7495.185419
Vcam1,21369,25516.65407,15914.00838,16450.74532
Rell2,4410.5,5946.611709,3065.397914,3880.963023
Nfs1,4695.6,5516.051025,3568.761661,3576.203592
Dnhd1,14737,17625.43088,10737.03669,11837.15907
Dhx32,16527,31647.72352,10301.43094,20116.03645
Crtc1,16846,23866.41038,11860.77703,15797.37868
Psmb2,25970,42028.64833,17791.68677,27456.18867
Snrpd2,62952,49038.9982,43431.57402,41732.81518
Taok1,13122,17591.97999,9886.543504,12078.14783
Rimbp2,10942,12186.47618,6728.629861,9881.409136
Tuba8,9992.8,10868.82987,7842.33681,7769.669006
Kcnk1,5975.2,9500.051492,4394.757724,6403.341039
Hacd3,9517,21056.536,6550.2439,13412.72096
Bcl11a,13559,7889.630289,7873.088517,9270.672279
M6pr,12735,12069.0795,9093.38401,9870.099194
Pnmal2,7899.3,7248.488316,5644.632189,6009.320067
Erh,12195,17411.98237,8905.746475,12238.227
Acaa2,13286,16577.30313,10529.07176,11624.01017
Pcmt1,17259,14939.00619,15089.18506,10963.68356
H2bu1,4678,2224.483888,2616.110262,3089.615096
Usp34,16559,20924.32535,13038.20256,14999.59279
Fabp7,12073,9313.363693,9909.867892,7740.350157
Pdap1,14453,16196.6002,10574.5478,12761.09431
Pdk3,4280.1,3627.668891,3108.65879,3204.106507
recA,13639,16386.15521,16628.07345,8164.646973
Atad5,4273.2,4728.680895,3331.869274,3645.890233
Tsc2,4204.6,4946.430231,3486.930847,3607.262432
Fam126b,14133,18762.76099,10544.70822,14019.10784
Aldh1b1,17685,22909.07789,13074.68764,17373.81057
Wars1,17717,22026.61168,13763.99497,16500.33506
Sh3kbp1,9577.4,10491.63131,7897.325032,7896.427353
Vmn2r35,5848.6,7094.773532,5061.131578,5023.87614
Rab6a,32814,40603.00344,27382.04963,29283.17927
Gphn,53103,55729.1753,42898.6313,43461.49628
Lap3,27838,34659.89611,23485.96472,25044.56108
Acsl3,14636,15453.51267,11555.73574,12302.60667
Ddt,15923,46767.52378,8399.38574,31654.78706
Galnt16,12576,19705.75738,9982.577436,13892.95849
Snrpg,9540.7,13265.0283,5525.795084,11050.68312
Gm2a,4846.8,5204.00205,3827.154182,4139.090694
Ak4,33098,30704.72712,25931.76786,25936.30649
Hspa4l,271130,276798.1133,174555.0285,251072.0076
Vti1a,34888,48454.40415,30287.82534,33800.19601
Enpp6,5163.8,6910.634372,3683.298739,5404.325181
Rps18,8157.1,10055.1769,7071.980488,7300.567421
Bicd2,10723,10568.09048,8313.776115,8877.434304
Acot9,14565,13874.63087,11102.01775,11972.00837
Ppt1,23952,20276.01533,13848.69247,21331.4202
Nucb1,13569,19229.48049,11463.87153,13738.96928
Kars1,17677,20522.91473,14062.39077,16159.29682
Aqp4,8814.7,9955.461405,7019.858951,7912.783269
Rab7a,26299,28778.91186,17768.23207,25281.19987
Olfml1,8090.9,8983.633536,6581.516822,7102.121442
Hint2,10712,12133.9105,9288.318559,9170.622794
Ppm1b,17190,14490.12716,14045.45127,12674.09476
Rpl10,16903,15251.05517,12668.53056,13808.56892
Eif1,6899.7,8947.634011,5918.921779,6587.954089
Pcca,104910,106316.4716,78961.52297,92297.8249
Calb2,10029,7725.56166,8418.279797,6961.443166
Me1,68270,51034.90103,52255.75029,50023.00251
Cldn11,81801,85242.41374,55671.01402,77471.36122
Exoc1,18069,20060.97393,14354.27138,16402.02557
Lman2,10497,16094.65464,8369.285552,11930.24859
Ppif,37099,34796.88545,28191.2365,31308.52884
Myo9a,9461,7849.648516,7734.18462,7084.634532
Msn,10482,11702.39408,8581.941425,9460.331303
Fam205c,7271.1,8394.89795,6194.123496,6567.596193
Ndor1,6475.8,6498.39203,5310.272527,5479.492794
Rpf2,3753.7,3489.564521,3194.007807,2953.373798
Azi2,30851,32012.49746,26267.95177,26151.19539
Dcdc2c,3399.3,6211.829444,3092.240506,4196.597398
Gmcl1,16657,16924.55518,14123.63358,13986.918
Apba2,17676,19382.39882,14677.42491,15828.69852
Dgkb,39465,36123.77058,33104.99443,31324.18876
Hyou1,22929,26149.03509,19148.14978,21058.2416
Picalm,13792,13910.94898,10588.88122,12347.84644
Ncln,2695.6,2575.877476,2151.967972,2285.130237
Grcc10,10311,11192.02914,8882.812999,9044.473444
Znf598,22488,23686.41276,17997.56684,20274.37564
Alg2,18762,20210.70646,14861.15333,17271.1511
Chid1,10048,12175.96305,8258.527286,9793.539588
Rps12,55855,54808.4795,47167.3852,46653.50985
Pfdn6,12027,12165.44991,10513.5656,10027.56838
Edrf1,5458.6,7030.57969,4429.809457,5615.560094
Tom1,6038.3,6260.412873,5210.199175,5187.348298
Dusp19,18563,18796.21187,15928.34181,15782.58876
Gcsh,57591,50064.82535,47422.78074,45794.82427
Glis1,7093.1,7698.482371,5699.229499,6572.468168
Cpne7,39855,38126.04501,33115.41874,33450.45781
Kcnma1,6389.6,8572.665513,5129.410792,6841.992781
Ehd1,15733,17915.33855,14024.60266,14173.96704
Cblb,13008,21319.36438,10727.65481,15875.67828
Clic4,3524.1,3814.675271,2927.015232,3219.157429
Acadl,26334,28813.95564,21850.65149,24268.52508
Crym,140480,133945.3102,120602.7222,115961.7031
Epm2aip1,12093,11476.52096,9521.301831,10533.03578
Kif5b,4781.5,5165.294597,4207.902012,4213.997309
Lynx1,28122,29417.66448,23373.90341,25202.03027
Cyb5r3,32224,27079.28829,26503.80173,25428.22911
Stx7,31212,43256.7737,25662.0389,34008.99494
Lamc1,20240,30104.20408,18315.50822,22068.3064
Slc4a8,15936,20033.89464,12832.19219,16436.82539
Ahnak,16380,13755.00413,12646.90012,13501.4605
Homer3,17844,19267.71007,14566.66664,16556.88477
Rpl22,2111,1963.885561,1891.881501,1673.349386
Prep,7099.6,7870.993367,5404.482205,6967.098137
Calu,14532,16212.52919,11907.68642,13756.36919
Ap1s2,15376,16534.29485,12715.17933,14167.87707
Atp6v1f,71418,69058.55674,60609.52968,60524.71845
Xpnpep1,20936,21489.80461,17137.56147,18857.15293
Dpysl5,56536,49768.54608,47798.05581,45373.74644
Crk,25198,31727.36848,21505.3463,25375.15938
Gabra2,6884.7,7618.200246,5977.428204,6286.58764
Erp29,20829,23520.75123,18720.75317,18857.15293
Dpp3,5800.3,5801.817161,5133.971427,4894.942803
Ogdh,132970,137941.8946,112123.8511,118693.489
Snx3,35465,36751.37291,31017.52686,30926.60081
Fbxo41,9010.4,10867.07768,7774.709115,8776.514823
Ube2o,23198,23801.10151,18924.02716,21032.14174
Vim,251150,238552.6009,192106.9562,225842.1375
Hnrnpf,14933,16187.0428,12729.90367,13691.11953
Rftn2,9040,11516.9806,7828.003387,9161.052844
Bcam,12820,17576.051,11751.58241,13253.51178
Tdrd5,10351,10910.56383,8642.011496,9452.501343
Mrps5,12229,12739.8494,10261.68827,11055.90309
Stx6,6962,7516.89185,5716.038695,6526.793403
Cask,17740,17967.90423,14617.48514,15946.14792
Ktn1,24538,19686.64259,19054.33101,19968.13721
Rab3c,36594,40878.57502,36298.74163,30938.78074
Dynll2,40564,37127.29715,33712.21034,34156.89418
Ppm1a,38670,40125.13365,33107.60051,34557.09212
Tbce,35315,32232.31756,29414.78959,29669.45728
Pdia6,120010,132683.7339,105543.507,110037.0336
Timm9,62113,56786.86045,53236.93823,51266.22611
Iqgap2,30651,34156.53993,26583.28707,28534.98312
Cryl1,3569.6,3815.15314,3361.708854,3055.511272
Eps15l1,42084,41243.34897,37023.231,35702.00622
Hspa2,134580,119266.743,114401.5623,109793.4348
Psmc1,18117,17490.03444,16347.92018,14951.74304
Ctnnd1,5241.6,4231.21844,4053.23135,4317.526776
Macf1,127570,167987.1614,113799.5585,131273.6243
Actn4,6990.8,7271.107486,5844.518284,6383.76614
Snd1,38266,40845.12414,32216.32222,35402.72777
Timm10,57356,54279.63693,51489.56369,47058.92777
Psmd6,26675,29784.03132,22366.65471,25550.02848
Arpc2,25498,44790.73573,17980.62734,35835.98554
Tacc1,13051,12025.43406,10949.95317,11082.87295
Ppp1cc,67187,67513.44441,57784.54236,59269.31491
Suclg2,19774,22856.51222,15937.46308,19847.20784
Prune1,23171,23745.35003,17854.23261,22103.97622
Vwde,22054,26483.54395,20904.64558,20606.71393
Wdr45,10550,11407.70771,9140.814609,9730.029915
Mapre2,107890,115908.9113,96695.87605,96961.0009
Srsf3,56799,57301.36692,48542.09075,50559.78974
D2hgdh,10322,9166.498377,9147.460105,8286.185347
Rpl19,10398,11311.49659,9562.868757,9293.292163
Cpt1c,1706.6,2903.855444,1580.715923,2107.82515
Nagk,18606,16991.45695,15355.0049,15982.68773
Hspg2,15849,21263.61291,14567.96968,16449.87532
Asah1,21076,20527.69342,18263.38668,18255.11603
Coro1b,69301,70715.17202,66259.50433,57703.32297
Srsf7,30584,34921.1316,25377.97652,30141.86485
Cyb5b,40989,39860.71236,39724.42967,32697.04169
Ablim1,24895,26720.88595,21565.28607,23007.03157
Vps51,13151,16942.07707,12389.55003,13096.04259
Pebp1,141660,132013.1233,115781.48,124435.4595
Rnf141,8571.4,11074.15459,6795.606037,9412.481549
Pmpcb,7427.6,8449.056527,6672.859816,6990.849015
Actn2,21992,21978.8247,19347.51466,19260.83086
Ppm1f,28033,31668.43121,23746.57241,27227.37985
Mgst3,12230,11567.31622,11058.62657,10143.27779
Rbx1,26524,27181.23385,22229.83567,24366.83457
Khdrbs3,11810,12204.63523,10050.85665,10805.34438
Vat1,16090,15791.04803,13826.54081,14165.26708
Fam162a,21341,24044.8151,20031.60983,19424.39001
Rac3,63920,65084.27296,56742.11161,56434.8695
Nptxr,107040,111402.5991,93513.85619,97048.00045
Cnn3,13922,18386.83675,13046.02079,14242.69669
Tmem43,14252,11565.08616,10572.59324,12340.01648
Kctd12,30233,29885.97688,22509.98893,29190.08974
Dnaja2,13406,14522.7816,11877.45593,12431.36601
Vta1,28292,29400.14259,24957.09511,25602.22821
Impdh2,12548,12652.39923,11182.67583,11065.47304
Wdr7,27344,27770.60659,20641.43182,26725.39243
Srrm2,4869.7,4242.528026,4326.348206,3928.11678
Psma6,50566,54048.66653,42751.38795,47975.03305
Synpr,85676,84431.62799,77749.69723,73676.44075
Ppia,753900,679212.2663,646932.5213,637184.7201
E330021D16Rik,6505.3,8352.048959,6171.320323,6521.57343
Gja1,33419,32049.13414,29339.21336,28918.65114
Ak5,30294,29589.69761,26743.5608,26422.63399
Lancl2,71977,79060.37152,62874.21048,68232.87877
Grhpr,14904,18284.89119,13048.62687,15211.8717
Tpt1,43630,50651.0123,38003.1159,43026.49852
Pklr,18269,20949.81174,15914.00838,17880.14796
Ube2v1,54586,54286.00853,49643.15823,47299.04653
Cntnap2,14581,18182.94564,12547.8692,15209.26171
Epn2,9999.4,8360.172745,7972.901261,8512.645181
Lin7c,12913,13767.90662,12027.82656,11534.40063
Mcur1,18723,21631.57265,15856.67469,18735.35356
Lztfl1,2644.1,3133.551525,2256.732262,2680.369203
Rpsa,15044,16709.51378,13142.44564,14411.47582
Hook3,13595,13679.34142,11880.71352,12211.25714
Hnrnpul2,2690.8,2437.454526,2393.681602,2235.714492
Mnd1,9213.6,8716.185741,8016.813656,7991.256865
Gng12,36424,44472.15587,29623.27574,38689.57085
Pmch,6763.6,6989.323598,6070.204541,6084.661679
Arl8b,45281,44870.3807,42077.71708,38706.97076
Bag6,5051.8,6085.193949,4254.29018,5234.415056
Necab2,27787,25258.60438,24805.94265,23161.02078
Agtpbp1,23515,20436.89816,15358.91401,22832.16247
Cs,99486,105449.9344,89130.43491,91340.82983
Exoc8,9611,9139.100508,7947.1011,8669.505374
Tmod2,71346,66049.56994,62690.48206,60870.10667
Gnai2,31011,33172.12816,25242.46053,30359.36373
Pfn1,91036,94737.68654,77796.60661,85148.2017
Ccdc6,19247,18796.21187,16678.89194,17143.26176
Chmp1a,35766,38229.58347,32680.2039,32648.32194
Dnah6,31002,20494.24254,26880.37984,22038.72656
Rpl3,65816,67401.94146,60404.95265,58240.11021
Cul3,19196,18627.36455,16483.43618,17154.5717
Esyt2,9642.1,11000.24406,8204.060279,9611.710524
Rpl6,72272,72333.55772,65945.47206,63296.52418
Abce1,6996,7225.231986,6259.536025,6343.659346
Ndufs5,19771,18955.5018,17399.4722,17285.07103
Cst3,90418,93592.39193,75845.95808,85551.87962
Adss2,47084,48268.03493,42127.23254,42534.95105
Rpl30,28262,30233.22893,25887.46455,25862.35687
Hnrnph1,15643,16110.58363,14419.4233,13901.65844
Hras,53579,50475.79337,48329.69549,45673.0249
Setd7,38954,38321.97163,35303.22027,34053.36471
Pck2,63467,59994.95966,54929.58515,55902.43224
Timm8b,25098,24157.91095,22701.53558,21713.34823
Actn4,50178,54975.73393,45310.55544,47306.00649
Tubb2a,741130,715896.7375,644339.4748,660413.6005
Spag5,16112,17036.05813,14736.06164,14720.32423
Trmt112,9716.2,10984.31507,8508.319753,9539.500896
Erbin,6555.9,6591.25806,5505.728292,6124.855472
Rap2b,45411,43366.68375,39416.9126,40362.57223
Wdfy1,14692,14725.55768,12472.81419,13646.74975
Tbcb,40621,43656.59142,37511.87041,37411.54742
Pkm,32976,33205.57904,29658.45778,29659.01733
Rab23,28233,37038.09479,25303.70333,30435.92333
Trim24,27958,26595.0469,23942.02817,25065.44098
Tuba1a,30123,32636.91399,24080.15024,30462.89319
Ndrg1,13972,16116.95523,11423.60764,14525.44523
Alyref,23061,25953.10848,21752.9236,21683.76838
Cep162,17356,19812.48163,15980.46334,16747.41379
Rcan1,17876,18143.12316,16114.6763,16181.9167
Get3,5793.7,5367.433519,5301.672473,4895.899798
Grk3,12011,11481.93682,10835.02518,10460.82615
Tubb4b,162550,175840.155,139399.0516,158226.0855
Arf1,68285,75815.63562,61417.41351,65693.36185
Nisch,11679,10513.9319,9912.083057,10214.61742
Lcmt1,33535,33339.38258,30448.09907,29828.66646
4932429P05Rik,7510.9,7747.38438,5898.203468,7460.211599
Pccb,52126,53000.53878,43183.99671,49832.47349
Nt5dc1,5533,5633.925574,4774.984338,5166.729404
Nudcd3,20613,24798.25648,18940.96666,20695.45347
Ndufa5,18332,19790.18104,16482.13314,17340.75074
Arhgap1,9735.9,11996.60258,9054.292857,9869.229198
Nutf2,6492.9,6676.318883,6024.207284,5826.09901
Gsn,26544,27015.57232,25370.15829,23164.50076
Lancl1,22628,21042.1999,20827.76632,19139.90148
Il2rb,6551.7,7095.410692,5638.2473,6386.028128
Lingo1,51020,47606.98172,45796.58877,44057.44322
Ephx2,23086,23977.91333,21270.79938,20987.77197
Rpn2,17440,20266.45794,15632.55208,17399.91043
Aldh1l1,131840,145315.4255,119844.3538,125853.5522
Urb2,9766.5,11002.7927,9823.997659,8830.454545
Cmtm4,14514,16954.82027,13169.80944,14428.00573
Clybl,64113,59853.19162,56633.95942,56053.81146
Rpl23,19784,19497.08757,18234.71983,17389.47049
Mdh2,559060,488908.5856,482945.1345,477079.4442
Pcdh1,130460,120800.7051,118249.4348,111594.3256
Chchd6,152420,159767.8009,143373.3188,137737.691
Dync1li1,37011,37234.0214,33957.18157,33115.50954
Cd9,28353,56524.03206,18047.0823,46935.3884
Tcea1,14966,14911.9269,13466.90221,13504.94048
Shroom2,13516,12979.10288,12165.29712,11911.97868
Vcan,99010,97160.48639,87983.76108,89278.94044
Napa,88964,101674.763,78560.18714,88922.24227
Eef1d,32209,32057.09864,29466.91113,28766.40193
Sgta,55824,50646.2336,49795.61372,47857.58365
Sri,36357,39255.41063,32250.20122,34933.80018
Ddx39b,19925,22187.49451,19264.1202,18476.09489
Snx6,88239,83751.45999,76146.95996,79523.68065
Coq3,8822.8,8909.245138,7514.49234,8329.772123
Nono,28368,31179.41112,25250.27876,27533.61827
Rcn2,42993,43919.41981,36512.43994,40976.78907
Reep5,64821,62392.27312,53235.63519,60788.32709
Rab1b,38504,36101.46999,34259.48648,33807.15598
Rps20,5911.8,4724.698647,4720.647636,5076.684868
Cgn,36794,21596.52886,32469.11168,24997.58133
Fam131b,26976,28321.74975,23534.17714,25786.66726
Itih3,8515.1,7174.577788,7708.123851,6925.860349
Stxbp5l,27192,29863.67629,25396.21906,25644.85799
Ndufs6,9524.8,9502.759421,8357.297599,8786.954769
Ywhae,473310,463151.4037,415955.9286,430978.3815
Gm9774,9363.3,9863.391825,8536.725991,8728.665069
Creld1,27775,18843.99885,25401.43122,19776.7382
Plch2,44765,37895.07461,37841.53914,38332.00269
Ndufb7,15484,18541.34798,14338.63492,15590.31975
Cadm4,73566,63289.07543,61509.92924,64042.98034
Tufm,146840,146862.1307,130262.1461,134840.6059
H1-0,92366,84109.86233,86809.72346,76760.57488
Oga,5393.5,5594.580961,4992.591757,4932.004613
Col4a2,18930,22730.67317,17475.04843,19148.60143
Rpl4,7832.2,9294.408191,6914.964357,8072.775446
Efcab8,931.22,1637.500492,354.1528157,1582.956852
Fam136a,38189,36686.06404,32367.47468,35240.9086
Cplx2,88084,75890.50189,79898.40761,72766.42544
Ptgds,30793,28896.78641,25835.34301,28237.44465
Hmgb1,5884.6,6837.520294,5118.204662,6044.032888
Snrnp200,10790,10928.4043,9664.375451,9957.098746
Acy1,2605.3,3407.052337,2201.092521,2941.541858
Idh3g,11607,11765.47289,10441.76818,10690.50497
Pde1a,13302,11785.22484,12049.84791,11205.54232
Pfdn1,18621,16435.53509,16470.4058,15920.91805
Tubb4a,72719,69147.7591,61105.98732,67235.86391
Vps52,24505,25855.94162,23032.50734,22519.83408
Taldo1,91244,95468.82732,79781.13415,87434.54993
Sh3gl3,15152,13951.24933,13685.81266,13126.49243
Supt16,4520.3,4844.962545,3927.618445,4420.360246
Vamp3,6248.6,7416.539193,5855.594111,6249.177833
Hnrnpa3,41283,33353.71868,35866.13287,34022.91487
Cacna2d3,24984,31714.62529,23584.99564,26078.98576
Olfr332,4467.1,5111.13602,4289.993433,4287.51193
Lmnb1,117810,132481.4357,106764.454,116022.6028
Ensa,21933,20599.37389,20126.73164,19059.86189
Dld,268370,232435.8675,241739.6901,224789.4429
Comt,12604,15441.24734,12284.65544,12585.35522
Slc25a46,12195,14215.51132,11650.98785,11911.10869
Cpne6,339230,314788.7619,317341.98,288734.1137
Psmd13,36017,34263.26418,31457.95385,32649.19194
Ntn1,3135.8,3186.754362,2876.717949,2869.941227
Gdi1,150030,145229.4089,132414.7656,136615.3968
Hcn1,37316,43803.13816,37808.96318,35228.72866
Tkt,134330,127309.2917,114952.7475,123243.5656
Eci1,53709,54290.78723,48291.90737,49723.72405
Ppp2r2a,26860,26588.6753,23538.08626,24961.91151
Caprin1,22223,20202.74196,20090.24656,19198.19118
Gsr,30409,30491.27862,27784.68851,27745.89718
Sec13,23206,27080.88119,21363.31511,23321.96995
Emc8,9301.8,8587.638767,8547.280602,8028.579673
KRT10,108920,127380.9721,100232.3224,109671.6355
Sms,62313,56702.43678,56138.80482,54078.05163
Ganab,25873,28388.65153,25161.67214,24067.55611
Atp8a1,91098,88479.18514,84366.52639,80826.93395
Tomm6,8562.9,9408.459782,8006.389349,8190.659839
Ubap2l,35085,27072.91669,33007.26655,26688.85262
Arf6,15243,15630.64307,14175.75511,13977.34805
KRT6C,74037,74208.40021,72670.45342,64342.2588
Sacm1l,5859.9,5710.066161,5244.338782,5336.378531
Tiprl,20694,21336.88627,18959.2092,19244.30094
Slc4a4,70903,71885.95302,65299.165,65014.76534
Tars1,19664,22377.04952,17189.68301,20083.84662
Dpy30,35522,31399.23122,31881.44134,30429.83336
Cox5b,100720,74405.91973,89731.13562,78131.68782
Snrpd1,17688,16339.96113,16986.40901,14839.51361
Rap1gap2,16652,15997.48778,15472.27836,14686.3944
Tspan2,33631,33680.26304,25139.52049,34557.96211
Cox5a,110190,102104.8459,93160.73278,101171.7792
Pgam2,20830,22273.51107,20092.85264,19217.33108
Naca,67638,66090.98532,62140.59984,60897.94653
Ndufa3,14456,13136.16275,13074.68764,12575.78527
Eif4h,24938,32372.4927,23799.99698,26606.20305
Map1s,13105,14414.94232,12151.094,12693.23466
Clip1,52604,50251.19457,46975.83855,47678.36458
Akr1a1,171160,180666.6399,153002.7728,165194.7497
Slc25a11,54314,51138.43949,49666.61292,48029.84277
Snx1,8135.7,9492.883445,7614.17478,8159.687998
Fahd2a,11497,12118.1408,10714.10321,10798.38442
Tbcc,20355,20629.63898,18120.05245,19201.67116
Gpr158,34923,36428.01435,31842.35019,33067.65979
Uchl3,39441,39343.02009,34981.36978,36940.00985
Lta4h,26209,26939.11315,23955.05856,24545.18365
Tuba1b,513570,523044.4178,441886.3935,496576.0439
Rmdn3,27018,26113.99131,23655.35972,25027.16117
Myh14,26305,28151.30953,22855.29412,26098.12566
Mydgf,17187,19059.04026,14796.00141,17539.97971
Prkar1a,41977,45300.46351,39190.18392,40086.78365
Slc12a2,21662,27178.04805,19356.63592,23512.49897
Nt5c,45230,54638.03928,44544.36884,45098.82785
Gmfb,44654,42774.1252,39534.18606,40917.62938
Vps29,24354,21290.69219,20563.24951,21781.20788
Fxr1,29152,31490.02648,27658.29378,27591.03798
Csk,14728,23234.02935,13468.20525,18614.42418
Psmd5,42739,43682.07781,38942.60661,40095.48361
Caskin1,83297,82300.32871,77833.09169,75200.67291
Arfgap1,41453,43698.00681,38625.96827,39129.78858
Tppp3,39264,33984.50681,33189.69193,34959.90004
Omg,16053,18614.62135,13474.72044,17151.09172
Nrgn,51760,98387.01886,47736.813,75146.73318
Gda,106750,92633.46655,97588.45737,90296.8352
H3f3a,53357,112245.2429,50942.28754,82762.67398
"From
P62806        H4c1
P62806       H4c11
P62806       H4c12
P62806       H4c14
P62806        H4c2
P62806        H4c3
P62806        H4c4
P62806        H4c6
P62806        H4c8
P62806        H4c9
P62806       H4f16
P62806    Hist1h4m
Name: To, dtype: object",94031,229058.921,76175.6268,173503.2069
Slc25a25,13137,14317.1383,12219.50351,12721.94451
Spag9,8976,8970.093891,8277.160735,8260.34648
Gm49358,52464,50913.84069,47937.48092,47684.45455
Sptb,14427,17633.39538,13193.26414,15258.85146
Eno1,1275300,1109661.447,1128405.222,1108287.295
Dpysl4,80026,72503.99795,74290.13019,68941.05513
Rc3h1,1806.8,1756.80865,1706.198524,1608.273721
Cox6c,88414,88749.97803,80886.11074,82097.9974
Cracdl,21501,28508.11897,20447.27909,23557.73874
Ywhaz,962530,925649.7188,850310.7599,890179.4178
Atp5f1b,579300,558502.3565,529111.7862,525007.4975
Grm7,13648,19514.60946,13606.32732,15384.13081
Abi2,19009,25867.09192,17970.20303,21306.19033
Rtcb,26951,27590.60897,26510.31692,24147.5957
Ndufs1,294800,287948.4085,271553.2095,268350.1187
Nnt,21876,22956.86487,18572.20679,21916.05719
Gls,130290,116896.5089,117134.0339,114439.2109
Cct4,55528,56630.75631,51460.89684,51793.44339
Ndufb10,83610,77319.33257,74976.83144,74945.76422
Tpm3-rs7,122210,98445.95613,113265.3128,98448.69324
Cnr1,31263,24325.16538,31130.89121,23240.19037
Crmp1,223940,194158.497,202713.689,191842.7125
Mt1,137540,76704.47343,131202.9398,88087.04657
Anxa11,28862,28571.83495,26552.01415,26562.70327
Dusp3,16190,17548.97171,14508.02991,16070.55728
Pde6d,7250.5,8097.503649,6979.985975,7016.861881
Ndufb9,58866,59450.18809,53716.45637,55239.49566
Add3,16589,17209.68416,15357.61097,15692.97922
Gng3,22623,26177.70728,20150.18633,23542.94881
Plpbp,18408,17029.68654,16432.61768,16597.77456
Ap3s1,40210,39569.21179,36574.98578,37221.01841
Grin1,58948,74980.95638,56675.65665,62644.89754
Arfgef2,2717.5,2771.166932,2469.127527,2576.143739
Actr2,150500,152571.0818,142591.4957,138233.5884
Pdha1,185070,176620.6756,171727.4351,165890.7461
Gak,14665,17582.4226,14114.51231,14943.04308
Habp4,9177.6,8270.811094,8993.571266,7619.594778
Slc17a7,128250,121893.434,114124.0151,117953.9928
Scrg1,14128,11807.68472,12327.78601,12205.16717
Dhx15,7692.7,7541.900369,6851.506385,7215.742857
Glo1,34482,40567.95966,29816.12543,36978.28966
Bicdl1,10392,13176.30381,9674.017935,11251.65208
Tnik,29197,27993.6125,28300.69173,25487.3888
Smarcc2,13986,14164.37926,12183.80026,13577.15011
Trim9,8439.3,12996.30619,6428.409806,11464.80099
Cap1,109740,100166.2874,102278.0927,95595.10793
Dynlrb1,23568,22840.58322,20762.61439,22126.5961
Araf,14297,15756.64141,13468.20525,13974.73807
Snca,309530,304562.3483,286056.0272,284479.8356
Arrb1,58373,55517.31969,53588.7586,52744.3485
Maob,31002,33959.02042,28311.11604,30782.18155
Fkbp1a,101800,108444.5851,89090.04071,101876.4756
Bles03,9606.4,9388.070671,9033.835153,8694.822244
Nudt9,8656.3,10033.99134,7632.287015,9116.683072
Pdhx,106370,93514.33987,90946.87048,96178.00493
Eloc,55265,52803.01927,51479.13938,49681.96426
 ,23052,22697.22229,21398.49715,21174.821
Fxyd6,16437,16053.23926,16149.85834,14427.13574
Epb41l1,164130,151710.9162,152142.7675,145036.9534
Mpc1,24313,27313.44449,22766.6875,24229.37528
Psap,106500,104449.5936,91439.41901,102607.2718
Eml2,16894,18022.06281,16525.13341,15796.50869
Cisd1,77866,68800.50705,75164.46898,64959.08562
Timm44,23799,21700.06732,23283.99376,20053.39678
Ptpa,91864,89395.10225,83963.88752,84721.9039
Mff,13251,14769.84028,12475.42026,13098.65258
Eci2,26946,27064.9522,24921.91307,25168.10045
Psmd9,27556,27190.79124,25766.28198,25262.92996
Rpl13a,23395,22214.57379,22095.62271,20795.50296
Strap,36403,30212.52124,33656.17969,30243.65432
Arpc4,71496,72398.8666,66633.47636,66852.19588
Uqcrc1,230610,210597.2179,212212.8392,203831.2508
Tbca,21854,19339.39054,20098.06479,18957.20242
Dpp8,23984,23680.04116,22990.81011,21665.49848
Park7,153230,139746.6495,141562.0954,135075.5047
Wfs1,4959.8,4970.801591,4301.590476,4828.040148
Ncam1,9384.8,8369.730141,8984.840908,7951.759069
Etfdh,90467,81393.96901,75729.98766,84352.1558
Cops7a,21091,21352.81527,20388.64236,19267.79082
Ppp3r1,3852.7,4707.813914,4044.370689,3789.961491
Gatd1,31443,31074.27976,28644.69388,29461.52835
Capza2,49669,49770.13898,47957.02649,45153.63757
H1-2,177500,196404.4851,170137.7282,173320.5078
Hmgcs1,7795.4,8894.431174,7679.326702,7635.428697
Lgals1,13668,19476.37988,13077.29372,15972.24778
Tbc1d24,25462,22658.9927,23656.66275,22073.52638
Uqcrq,113190,118052.9538,103515.9792,109610.7358
Hpca,155320,139936.2045,142917.2553,136615.3968
KRT2,35390,37116.14685,42905.14649,27357.87918
Fkbp2,37366,42379.08618,35342.31142,37449.82723
Ezr,135920,151115.1719,129941.5986,133500.8128
Kif21a,95452,96550.40595,90561.1711,88504.64442
Gng5,27620,31134.80994,23346.53961,29457.17837
Nol3,21795,21795.64128,19273.24146,21014.74183
Ywhag,529390,475066.2906,483557.5625,467683.4926
Sptbn4,31866,34072.11627,28651.20907,31740.04662
Cdk5,24638,25913.286,22808.38473,23845.70725
Hnrnpm,148530,161265.1263,139594.5073,145393.6516
Usp14,18323,15018.49187,16401.34476,15565.95987
Ndufb8,56038,50967.99926,53260.39292,48557.93005
Psmc3,21126,22566.60454,19566.42511,20664.13363
Tcp1,174490,161551.8481,162436.7711,155242.0009
Rfk,8329.4,8900.006322,7318.775968,8415.466682
Acot7,105870,97464.73016,102169.9405,91471.32915
Usp11,12000,10154.41453,11017.97178,10209.39745
Ywhaq,249780,222655.4657,228592.0323,219882.6682
Hnrnpdl,15943,13213.09979,15197.33725,13033.40291
Atp5pd,243930,231161.548,222128.9617,223797.648
Rpl17,26023,24019.32871,25847.07036,22058.73645
Lrpprc,13417,17365.78829,11881.75595,15338.89104
App,17056,16765.26525,15620.82474,15968.7678
Fth1,11796,20078.49582,9649.390509,16930.11285
Xpo1,30616,30900.65374,28361.93454,28972.59086
Mt2,77428,40800.52296,72480.20981,50354.4708
Ndufa12,14223,14135.70707,13158.0821,13358.78124
Actg1,1134400,1103337.637,1048385.632,1051737.586
Dnpep,25482,26880.17588,23676.20833,24812.27228
Dclk2,26330,26405.49188,24735.57858,24641.75316
Atp5f1a,1474300,1462010.775,1370144.912,1380334.895
Ociad2,61422,72413.20269,53806.36602,66625.99704
Ncan,122410,123338.1937,119095.1067,112229.4223
Hspd1,495720,430656.2578,462865.3122,426054.2069
Vps37c,5980.6,5073.065726,5489.700919,5130.189592
Mapre1,25690,26424.60667,23119.81092,25139.3906
Kiaa1671,36982,41021.93596,33185.78282,38052.73412
Set,41175,31203.30461,35174.21946,34842.45065
Cops3,20936,23482.52165,19197.66524,21434.94966
Prxl2a,39273,36498.10192,35520.82769,35985.62476
Icam5,266250,261346.99,256242.5079,242084.9539
Ptk2b,110150,106700.3604,102510.0335,101641.5768
Pfkp,165310,179679.0423,142734.83,171754.5159
Rps3,90423,97338.89111,82497.96928,90453.43439
Ndufv3,62702,49166.43014,56804.65746,51954.39257
Anxa6,54642,56522.43916,52816.05681,51314.07586
Rapgef2,35782,33317.08199,29524.24482,34774.591
Stxbp5,62609,67523.0018,59293.46086,61345.99422
Ipo7,11015,16914.99779,10913.5984,13511.03045
Lmnb2,68970,68317.85856,65303.07412,63935.97089
Gpm6a,165320,166888.0608,150240.3313,159348.3798
Gfap,545550,469698.2199,463204.1022,498803.2324
Mthfd1,64643,76718.80953,61094.25998,67677.82163
Eif2ak4,4578.4,6737.804797,4205.817151,5662.017855
Olfm1,23333,25006.92629,22889.17312,22251.87546
Rplp0,26315,25301.61266,24443.69797,24263.30511
Sh3bgrl3,51033,46815.31076,48402.66564,45037.05817
Ppp2ca,178230,183820.5805,168261.3529,170153.7241
Gpi,300830,297696.9523,276205.0567,284906.1335
Aifm1,45250,53731.67957,42854.32799,47397.35602
Slc1a3,13214,13550.79444,12036.55692,12868.10376
Lypla2,51125,51441.09036,47298.99209,48718.87922
Uba1,313390,307620.715,300845.5134,286724.4241
Gria1,130430,141122.9145,122033.4584,129394.4339
Cdc37,44378,43459.07191,41105.65041,41555.33609
Dync1i1,80476,83898.00672,73894.00651,78889.45392
Ahcyl2,36388,32985.75894,35625.07076,31218.04931
Cope,5747.4,5237.612225,4911.151855,5425.553072
Ppfia3,52477,58038.8793,50092.70649,52216.26122
Aldoa,928630,862969.1309,865634.4919,838797.4823
Syn2,279020,271063.6758,261050.7197,258519.1693
Metap2,3631.4,4081.167325,3286.262928,3773.866574
Vmp1,2880.5,3068.401943,2506.915642,2958.071773
Npm1,83563,78819.84372,75057.61983,78089.92803
Ahcy,105690,103157.7523,98095.33933,98753.19167
Pcsk1n,43289,43654.99852,39985.03736,41430.05674
Psmc5,23808,21203.08273,22345.80609,20852.05266
Dpysl2,1061800,1004020.365,972196.975,981876.9458
Lman1,13944,14277.31582,13460.38701,13092.56261
Gabbr1,32257,34459.1908,30169.24884,31818.34622
Mapk1,85755,73405.57896,80478.25971,73419.79207
Atp6v1a,661060,635407.5353,608531.9787,616009.0291
Cotl1,95816,83996.76648,90579.41364,82800.08379
Mast3,4814.9,4200.953354,4341.593755,4289.077922
Rgs14,19559,19855.48991,18195.62868,18739.70354
Ppil1,12553,12172.14009,11727.60651,11651.85002
Ppfia2,17805,19342.57634,17929.80884,16926.63287
Ndufa9,134350,139942.5761,121572.1828,133248.5141
Rps27a,87740,107968.3082,82242.57375,95168.81012
Exog,36045,43183.50033,33951.96941,38284.15293
Svip,13109,14732.08857,11432.98952,13945.15822
Ca2,119080,112046.1305,101277.3592,115213.5069
Nme2,15439,17910.55986,15025.33617,15725.16906
Ccnb1,17316,17332.33741,16224.13153,16388.10564
Myl6,81952,83796.06117,76364.56738,78963.40354
Gnb2,117910,121272.2033,108536.5863,114935.1084
Prkcg,319880,315585.2115,299125.5027,300557.3529
Ppme1,38893,41429.71819,38569.93762,36929.56991
Rnh1,91063,93318.41325,83496.09672,88791.74295
Acox1,3539.1,4248.103173,3131.201355,3903.756906
Bpnt1,33906,36257.57412,31027.95117,34025.52485
Sirt2,146300,160835.0435,116270.1194,161236.27
Npdc1,8121.2,6400.110143,7611.177792,6645.460793
Dynll1,78092,73553.7186,67701.96787,74849.19472
Rpl31,82905,86027.7131,79563.52673,79155.67255
Sdhb,75197,71693.2122,70275.46878,69220.32369
Ctbp1,29388,29134.1284,27478.47448,27719.79731
Cbx3,89748,87676.36389,85028.46992,83133.29207
Chmp5,57561,56482.61668,53900.18479,53897.09257
Ppib,19764,21312.99278,18899.26943,19412.21008
Ank3,52699,46017.2682,47609.11523,47061.53775
Arpc1a,92546,89581.47147,88968.85814,84395.65558
Ywhab,222750,202457.5025,201853.6837,203448.4528
Eno2,328990,279267.1072,308741.9264,281487.0511
Tpi1,395850,378679.9533,371978.3815,364267.1249
Rps19,22992,25425.85881,20872.06962,23736.08782
Tardbp,44619,43567.38906,41208.59045,42099.95329
Anks1b,133490,131114.7281,125090.3865,125218.4554
Cnpy2,23248,25360.54993,21879.31833,23282.82015
Ndufs2,106110,107466.5449,96690.66389,103372.8679
Selenof,4777.5,4490.064579,4518.937286,4334.752687
Pin1rt1,37270,32162.22999,34079.66718,32870.1708
Pcdh1,14479,17002.60725,12350.32857,16107.96708
Rps10,17498,20094.42481,15576.52143,18757.10345
Mras,6801.9,8528.064333,7197.593393,6964.48815
Akr7a2,25245,26892.91907,23604.54122,25032.38115
Afdn,7734.7,8471.197827,7081.232061,7914.088262
Aldh2,90420,107888.6633,88636.58334,93994.31617
Atp6v1g2,210020,191243.4913,201319.4379,185282.9463
Ap2s1,35155,34338.13045,34443.2149,31934.92562
Hsp90aa1,259010,280748.5036,252072.7849,253316.5961
Vbp1,36382,30179.07035,34800.24743,30359.36373
Ahcyl1,88057,90545.17555,81528.50869,85929.45768
Cox7b,15822,15184.15339,14810.33483,14674.21446
Eif5a,30331,28387.05863,26609.34784,28882.98133
Ndufb4,59155,66302.84093,57164.29606,59504.2137
Mtfp1,6247.2,6701.964562,5890.515541,6199.327089
Pabpn1,5948.4,6297.527427,5708.481072,5785.731218
Gstm5,99082,91862.50328,89512.22517,92219.5253
Aars1,105200,104266.4102,98714.28258,99562.28751
Gnas,27206,30175.88455,25203.36937,27924.24626
Ablim2,32619,28291.48467,31242.95251,28005.15584
Syp,150510,164068.6291,147868.8014,147203.2423
C1qb,8836,7390.256355,8679.929915,7278.991532
Impa1,92100,88302.37332,86362.78127,85493.58992
Esd,24612,24904.98073,24037.14998,23006.16158
Scg2,42926,35405.37299,40127.06855,36432.80246
Ndufb11,36227,36880.39775,34878.42974,34342.20322
Usp10,12985,16778.00845,12155.13342,14710.75428
Ndufa13,43999,47774.23614,40020.2194,45104.04783
Ndufb6,8880.1,10160.46755,8931.807244,8853.944425
Aimp1,6253,6610.054272,5921.00664,6149.389346
Psmd11,26868,26641.24098,26343.528,24748.76261
Hspa8,615480,627506.7547,570782.9553,599339.9149
Wasl,25659,30292.1662,23003.8405,28039.08567
Hepacam,15703,16151.99902,15138.70052,15000.46279
Kifbp,29332,33361.68317,29257.12194,29312.75911
Crkl,14070,15524.55598,14313.87719,13584.11008
Eif2s1,30909,34078.48786,28975.66564,31481.65795
Sh3glb2,161300,161153.6233,150996.0936,154258.906
Pabpc1,58663,55600.15046,57205.99329,52745.2185
Pgm2l1,51697,50937.73418,46567.98752,50233.54142
Pde1b,29493,28853.77812,28707.23972,27116.02042
RO60,13889,13881.63963,13580.26655,12914.21352
Prnp,58432,57725.07814,56755.14199,54175.49113
Gm10358,740630,709238.4183,664679.9048,709542.2476
Coro7,4486.7,4685.194744,4294.032853,4357.372571
Prdx3,46225,41886.88029,43946.2742,41194.28795
Rdx,20303,22463.06609,19264.1202,20604.10394
Ube2m,60037,60485.57265,60575.65068,54890.62745
Eif4b,60767,54137.86889,59302.58213,52583.39933
Scamp3,40571,41781.74893,37956.20652,39645.69592
Agap3,9673.2,10877.59082,9202.448327,9910.988983
Syngap1,232410,208494.5908,212460.4165,211643.8106
Phc3,9646,8830.874492,9548.405031,8405.548733
Nploc4,12514,11358.48712,11226.84884,11620.53018
Eef1b,30536,28498.56158,28814.08887,27889.44644
Rheb,43716,51562.15071,40253.46328,47188.5571
Ivd,91377,83338.89907,82981.39654,84477.43515
Slc6a17,12872,14337.84599,12294.16762,13084.73265
Hspa5,296240,308672.0285,288531.8003,284427.6359
Atic,81698,81515.02935,75051.10463,79261.812
Lrrfip1,12440,12511.58693,11746.76117,11918.93865
Hsd17b10,13659,13842.77288,12892.91378,13155.20228
Nrcam,216800,213591.8686,209072.5166,202186.9592
Eif3a,46667,42877.66366,45076.00852,41586.65593
Vps33a,13528,11834.44543,12440.62914,12109.46767
Epn1,41299,42070.06371,39175.85049,39805.7751
Hnrnph2,155530,165820.8183,156924.9185,148203.7371
Rpl8,11433,11281.2315,10684.65454,10913.22382
Pcx,134830,126256.3852,121688.1532,127436.944
Mog,88320,102319.8873,74618.49587,98892.39095
Cndp2,57756,56036.60487,53467.57603,54895.84742
Syncrip,34750,37750.12078,33817.75646,34399.62293
Gps1,61948,60482.38685,59537.12905,57659.8232
Fbxl16,31414,30828.97327,30024.61158,29450.21841
Fh,117780,102028.3867,111401.9678,102911.7703
Pgrmc1,57691,65351.88004,57312.84244,58006.95141
Phpt1,67300,60050.71113,61757.50654,61165.90515
Cars1,18854,16524.73745,17323.89597,16945.77277
Sv2b,105220,110934.2867,98711.6765,104703.961
Actn1,294060,307429.5671,277703.5509,289978.2073
Plxnb1,13271,13764.72082,11771.90981,13533.65034
Septin9,66522,60280.08864,60864.92521,61256.38468
Chgb,13867,14326.21783,12303.8101,14105.23739
Ndufs4,110230,91696.84175,103145.9163,94968.71115
Aldoc,347920,331354.9147,330841.4582,321967.9427
Coro2b,20207,20441.67686,19217.21081,19432.21997
Car4,9099,8916.094605,8421.016178,8728.665069
Farsa,23236,21550.33478,21708.6203,21407.10981
Srsf1,99626,98242.06502,95390.23154,93829.01702
Ccdc120,21091,20037.08044,20099.36783,19464.40981
Hnrnpa1,48558,52103.73647,45175.03944,49217.38665
Pakap,33311,30699.94843,30799.91944,30804.80143
Gpd1,50900,59986.99516,45683.22443,56013.79167
Vti1b,10305,12720.8939,10810.00684,10653.96516
Nsmf,5652.7,5604.934806,5898.333772,5023.78914
Soga3,83167,81312.73114,82873.24435,75820.10972
Rpl34,29122,20755.47803,31194.74009,20363.98518
Gng4,6999.6,7691.473614,6778.666537,7032.869798
Stx1a,37392,27217.87053,33377.32947,30956.18065
Gad2,38767,31071.09397,39216.24468,30765.65163
Uchl1,231240,207060.9815,215105.5845,209407.9221
Gdap1l1,29978,47610.16751,48741.45563,25969.36632
Slc30a9,86164,83378.72155,82160.48233,80518.95553
Usp5,186950,180013.5512,170528.6397,179332.1769
Inf2,5505.4,5254.337668,4794.660219,5407.892163
Prkca,73618,72422.76009,71747.90221,68569.56704
Ruvbl1,51019,55687.75992,48704.97055,51575.94451
Ccdc127,9661.4,10912.6346,9466.574217,9830.0794
Napb,247110,224503.2289,236592.6883,221622.6592
Ralb,10210,10803.20242,9606.911456,10208.52745
Actr1a,67542,60851.93949,64125.12737,60633.46789
Fbxo2,59074,59435.852,57213.81152,56114.71115
Pfdn4,39259,33071.7755,35713.67738,34887.69042
Nipsnap2,35219,33519.38021,33619.69461,32610.91214
Dpysl3,57244,50101.46204,55299.64806,49885.54322
Eif2s3x,32415,34009.99319,30078.03615,32540.4425
Ppp2r5d,30823,32713.37316,30061.09665,30201.89454
Agpat1,3751,3879.984142,3496.573332,3721.840842
Myh9,189710,186974.5212,182881.4441,178523.0811
Fkbp8,26386,26133.1061,25445.73452,24903.62181
Rnps1,19184,20350.8816,19393.121,18340.37559
Pdcd6ip,51837,57140.48409,50582.64894,52094.46185
Idh2,41635,53083.36955,41698.5329,45546.87555
Cmya5,27195,21999.53239,26325.28547,22578.99378
Bsg,66737,68787.76386,63061.84801,65539.37264
Gnl1,9793.5,9158.53388,9502.147166,8879.174295
Bin1,313460,298302.254,295046.9924,293449.4895
Txnl1,21506,22189.08741,20924.19116,20740.69324
Capza1,16761,17749.67703,16342.70803,16422.03547
Gsta4,65401,67624.94736,62569.29948,63877.68119
Cct5,165450,148873.9625,156586.1285,149082.4326
Hdhd5,11015,10994.50963,11002.72623,10205.91747
Cpe,59286,59701.86619,56094.50151,57346.62481
Got2,353770,334907.0802,336991.7996,327588.1137
Mtarc2,5477.6,4925.88183,5151.171534,4958.191478
Chmp4b,67134,61391.93235,65002.07224,60149.75038
Apoo,60109,73118.85708,58824.36703,64630.22732
Ralgapa1,14041,16314.47475,14007.66316,14448.88562
Hprt1,64814,55753.06879,62734.78536,55953.76198
Ywhah,310630,278327.2967,291763.3356,281104.253
Agap3,22488,16258.72327,21584.83165,17646.98916
Slc8a1,46611,50048.89636,45438.2532,46175.88231
Oxr1,63586,64477.37832,65439.89315,58353.20963
Kcnab2,65551,74378.84044,61148.98759,69246.42356
Vcpip1,14776,15505.44119,14458.51445,14382.76597
Ctsd,62087,59846.82002,57839.26997,59115.32571
Naxd,21121,24000.21392,20142.3681,22053.51648
Atp5f1d,169230,156107.3183,163622.5361,152927.8128
Gmppb,20556,21851.39275,19847.88141,20376.16511
Slc2a1,31937,33449.29264,29848.70139,32011.48522
Pdia3,239140,224152.7911,234625.1003,216080.7877
Ccdc32,5575.5,4621.797352,5283.429935,4791.152338
Psma5,57131,53495.93047,54665.06835,52533.80958
Cct3,95786,96359.25804,92686.42679,91506.12897
Uqcrc2,207160,209880.4133,202427.0206,197523.7833
Tubb5,42092,34287.15767,38783.63592,36551.12185
Add1,156120,146005.1509,150331.544,142870.6646
Prkar2a,148460,145181.6219,138330.5601,142879.3645
Qki,22370,22784.83175,21378.95157,21733.35813
Add2,121770,119932.5749,117644.8249,114943.8083
Cd81,98893,106657.3521,93764.03957,100275.6838
Reep2,26036,31891.43711,23724.42075,29398.88867
Rab11fip2,17517,17257.47114,16817.01402,16620.39445
Rps2,46536,44156.76181,46226.59145,42078.2034
Ckmt1,204830,204719.4195,194426.3646,197654.2826
Nefh,349910,327293.0215,306696.156,340829.4456
Gnb1,97692,102617.7594,93405.704,96900.10121
Dazap1,9609.9,9387.433511,9865.173674,8644.884501
Tenm2,28175,24404.81035,27233.50325,24564.32356
Hk1,576690,560238.6168,554534.066,542198.609
Bcas2,9018.3,7735.756215,8098.774774,8230.244635
Eea1,31816,29728.27985,30252.6433,29421.50855
Sbf1,78580,93041.24877,75989.29231,83936.29794
Prdx2,73054,66028.86225,69134.00711,66414.58813
Cnp,636850,645570.2329,487662.1336,699015.3018
Gyg1,9688.3,10024.75253,9991.698705,9042.733453
Rps17,22774,22526.78206,22146.44121,21514.11926
Tpm1,91586,77249.245,86529.57019,79976.07833
Dlst,125410,124330.5699,115093.4757,123234.8657
Ptprs,67241,64547.46589,64521.25106,62906.76619
Pcbp2,19533,22431.2081,18469.26675,20730.25329
Tsn,67559,55681.38832,60971.77436,60127.1305
Cops7b,3452.6,3640.093506,3480.285351,3320.250909
Pcbp1,76361,76739.51722,72528.42223,74081.85867
Aak1,104010,100854.4199,97502.45684,99501.38782
Camk1d,31865,30010.22302,29977.70219,29869.55625
Tuba4a,488550,510603.8742,448036.7349,496897.9422
Cttn,156510,148040.8762,151165.4886,144506.2562
Usp9x,22060,24979.847,21033.64639,23092.29113
Cacybp,23492,24312.42219,22207.68402,23306.31003
Pdhb,107340,94943.17055,97776.09491,98988.09046
Bcan,156730,143934.3818,143177.863,147551.2405
Psmd1,23476,25868.68481,21595.25595,24670.46301
Hibadh,33222,31873.91522,30713.91891,31894.03583
Qdpr,87913,91577.3743,77233.69401,91575.72862
Ppp1r7,52668,47097.25394,49140.18539,48161.21209
Chchd2,44883,45458.16054,43056.29895,43546.75584
Myo6,31825,33309.1175,29743.15528,32076.73489
Rasal1,33042,31200.11881,32370.08076,30221.03444
Rab11b,45631,55119.09487,43670.03005,49870.75329
Nckap5,4818.3,5039.933421,4593.731692,4795.676314
Cyp2j7,8468,5381.132453,8063.983647,6285.021648
Pgls,20536,20659.90407,20228.36864,19499.20963
Eif4a2,98341,101225.5654,90793.11195,98857.59113
Arhgdia,110080,95033.96581,103007.7942,98466.09315
Echdc1,1894.8,1574.230531,1859.30554,1599.747765
Gcn1,10476,9819.905674,10009.81094,9717.849978
Kif16b,24183,25065.86356,23175.84157,23872.67712
Prrt1,14619,16296.95285,13380.90167,15563.34989
Nefl,355570,341915.8372,297757.3124,363379.7295
Ptprz1,91837,82856.25057,84945.07546,85141.24174
Prdx5,186250,199430.9938,184236.6041,184125.8522
Selenbp1,22531,20148.58339,21101.40439,20605.84393
Lmna,162430,173880.8888,155048.5432,164333.4541
Ryr2,21158,23552.60922,19958.63968,22124.85611
Atl1,53426,54994.84872,50759.86216,52857.44792
Pcyt2,38069,37613.13144,35694.1318,37008.7395
Idh1,111190,107794.6822,106039.9647,105626.1563
Agl,14257,16182.2641,14160.11865,14630.71469
Lrp1,49048,49743.05969,47382.38655,47552.21523
Cntnap1,37116,37076.32437,35283.67469,36016.07461
Wdr37,26985,22937.75008,24545.33497,24436.43421
Anxa5,178150,182609.977,163961.326,179358.2768
Rab3b,57703,56226.15989,60083.10215,51628.14425
Serbp1,45986,39277.71122,44562.61138,39950.19436
Fam120c,11617,11031.14631,11320.407,10737.48473
Gdap1,59874,59829.29813,58338.33369,57203.94554
Strn,83368,72497.62635,82186.54309,72317.50775
Ppm1e,60949,55452.01082,57126.50795,56368.74984
Vamp2,263060,271971.6284,252385.5141,259632.7635
Aco2,370060,370317.2319,360407.4002,354209.9767
P4hb,125300,120756.1039,121985.246,117101.3972
Ksr1,12468,16993.04985,12885.35615,14240.0867
Sucla2,344120,302682.7271,328013.8648,308500.412
Erlin2,50788,51186.22647,46857.26206,50618.07944
Slc27a4,10320,10323.89902,9957.689402,9946.6588
Sh3gl1,21780,23020.58085,22353.62432,20865.1026
Gaa,6735.8,7078.525959,6221.356999,6889.755535
Ccdc177,13969,14893.60856,12745.01891,14528.05522
Cnbp,44650,41563.52173,42989.84399,41189.06798
Sh3gl2,185820,158577.9051,172626.5316,166699.8419
Plec,585100,593004.5556,566965.0527,567393.6794
Rufy3,164060,152147.3706,154149.4466,153554.2096
Cyth1,38656,40338.58216,35832.25387,39293.34774
Ppp1r2,10155,8503.055813,9543.062573,8940.073981
Sdha,318510,304259.6974,310370.7244,296390.0743
Ndrg3,22285,21588.56437,21313.79965,21192.22091
Dlg3,131730,137559.5987,128918.7135,129507.5334
Dctn2,174130,161105.8363,167023.4664,160592.4734
Wdr1,268740,236179.1809,261220.1147,237848.0757
Ppp5c,100390,97410.57158,98352.0379,94037.81594
Nipbl,4576.2,4489.108839,4819.939164,4092.284935
Cadm1,69030,62115.10864,65983.26018,62744.07703
P33monox,5570.5,4939.580764,5159.641284,5128.362602
Mt3,96697,65517.54157,98759.88893,70339.13793
Cap2,63576,62988.01746,58380.03092,62985.06579
Arpc3,29872,31249.49869,28064.84177,30201.89454
Atp6v1h,146860,144077.7427,142708.7692,139399.3824
Nptn,243600,226717.359,236227.8375,223945.5472
Csnk2b,85652,79100.194,81693.99457,79281.8219
Ddah1,50510,42488.99623,46317.80415,45414.63623
Plppr4,54453,56187.93031,52946.36065,53395.10515
Cd82,49952,46088.94867,43739.09109,48830.23865
Cacna2d1,70383,65877.53682,66282.95902,66278.86883
Cfl1,269730,245354.2809,267591.9726,240527.6619
Aldh9a1,17342,17775.16341,16461.28453,17203.29145
Nsfl1c,38553,38562.49943,37802.44798,36859.10027
Gria3,39492,42543.1548,38706.75666,39657.87586
Eps8,18842,19262.93137,16454.76933,19623.61899
Ptpn11,13401,11650.62485,13284.47683,11629.23014
Cttnbp2,35111,35765.36824,33202.72232,34798.95087
Chl1,60178,58919.75262,59913.70716,56162.5609
Itsn1,44699,46039.56879,42842.60064,44240.14227
Rab10,32220,31999.75426,32572.05171,30024.41545
Pgd,10411,9185.613168,10207.35157,9196.72266
Klc2,50380,51630.64538,49484.18754,48905.92826
Thop1,29636,28246.88349,28438.8138,27897.2764
Eif5,19696,18845.59175,18487.50929,18870.20287
Carmil2,9796.1,9100.074475,9901.528446,8744.324989
Kras,30605,31259.05608,29817.42847,29841.71639
Rab3a,189470,161790.783,189709.3655,161619.0681
Adcy5,20718,20935.47565,19433.51519,20566.69413
Camkv,176050,158882.1489,171258.3413,158861.1823
Gna13,24032,22491.73827,21505.3463,23436.80936
Prpsap2,39933,39290.45441,39539.39822,37599.46646
Gpd2,317340,323581.5661,304064.0184,312667.6906
Ruvbl2,11267,11531.95385,11107.88143,10922.79378
Mpst,57744,60096.90521,57004.02234,56548.83892
Shisa6,80042,77013.4959,77618.09035,75415.5618
Clta,241310,220059.0398,232605.3907,220761.3636
Sptbn2,1061100,1063260.29,1042769.537,1017198.764
Ube2n,60471,68505.82068,56417.65504,64927.76579
Rars1,26546,26375.2268,25299.79422,25848.43695
Hnrnpa2b1,262000,273373.3798,256490.0852,258727.9682
Map1lc3b,11752,11298.75339,12213.63984,10535.64577
Atp2b3,194660,191020.4854,192250.2904,183638.6547
Prmt1,12187,14220.6086,11581.5359,13209.14201
Pfn2,148700,134964.7657,143503.6226,135719.3014
Timm8a1,42821,42884.03526,42614.56892,40724.49037
Cct6a,63264,61823.60807,61812.23415,59977.49127
Scamp1,124340,123913.2303,119784.414,120537.8795
Lxn,24895,23216.50746,24544.03193,22769.52279
Nars,50073,50380.21942,46751.71594,49861.18334
Rps6,55900,49516.86799,55183.67764,49495.78522
Myo18a,75707,72359.04411,71680.14421,72390.58737
Fkbp4,30124,32144.7081,28794.5433,30722.15186
Opa1,211010,209561.8334,201423.681,205684.3412
Uqcrfs1,163860,159688.156,162645.2572,153667.309
Syn1,6172.7,6555.258536,6059.519626,6171.052235
Crip2,26234,26098.06232,26623.68127,24547.79364
Cops8,4156.3,4550.435462,4094.537669,4231.13622
Fmnl2,7484.3,8875.794252,7088.007861,8234.681612
Ssr4,9573.2,10325.01405,10016.97765,9258.492342
Fech,85243,83475.88841,83470.03595,80991.3631
Gpm6b,20134,24511.5346,17705.68623,23462.03923
Hnrnpk,149050,141473.3523,142005.1284,141487.3717
Cox6b1,72937,65324.80075,68233.60755,67640.41182
Mcu,47424,44086.67424,45483.85955,44244.49225
Adh5,39157,33229.47253,37466.26407,34614.51182
Erc2,170050,138085.2555,165121.0303,144836.8545
Copa,15308,17759.23442,14961.48729,16299.3661
Pea15,44843,42111.47909,44051.82031,41419.61679
Alcam,96013,96300.32076,91305.20605,94525.01343
Hapln1,90722,82180.86127,87684.06224,82898.39328
Cbr3,12971,15741.34957,12425.7745,14417.56579
Atp6v1b2,310130,288426.2783,299698.8396,288116.4169
Ppp2r5e,15938,11463.45918,14782.97102,13127.36243
Ap2b1,114170,110671.4583,110170.5965,109010.4389
Slc25a12,148650,152873.7327,139724.8112,149900.2284
Anxa7,145080,160675.7535,136740.8532,153241.0112
Mrps36,20147,18955.5018,19008.72466,19172.09131
Slc12a5,117600,120932.9157,102375.8206,124061.3614
Hpcal1,19105,15759.34934,18603.47971,16414.20551
Abat,138250,118575.4247,127580.493,126332.0497
Bcl9l,14753,14698.95626,15206.45851,13695.4695
Aldh6a1,59030,58014.98582,53332.06003,59321.51464
Marcksl1,21355,17505.96343,20472.03682,18502.19476
Maoa,18449,17853.21548,17366.89624,17905.37783
Pacsin2,12234,12726.46905,12832.19219,11550.93054
Psma3,115110,112149.6689,107286.9724,112934.1187
Cct8,307890,301806.6325,299790.0523,294667.4832
Hapln4,10723,10280.09429,10351.85853,10178.9476
Nedd4l,6643.7,8142.264119,6724.460138,7207.216901
Agap2,22670,20470.34905,21987.47052,20671.0936
Map2k1,58326,59791.06855,57086.11376,57290.9451
Xpo7,11693,11080.20761,11379.95585,10962.81357
Fdps,27562,28302.63496,26598.92354,27370.92911
Scn2a,54800,53728.49377,52726.14716,52940.09749
Prps1l1,32972,31972.67498,32114.68522,31383.34845
Hibch,11050,11849.89656,10397.33457,11471.76095
Wasf1,56210,56447.57289,56506.26165,53549.96435
Lsm14a,8080.7,8110.406133,8365.637045,7534.683215
Tpm3,210990,197678.8045,199221.546,200751.4666
Pgk1,346850,325700.1222,330085.6959,328858.3072
Glud1,529300,531359.3522,492313.9808,530958.2669
Oat,46991,44188.61979,44660.33926,44636.86023
Lsm4,10454,8468.967768,9810.315756,9162.792835
Amph,215220,195162.0236,209489.4889,196714.6874
Glul,541600,471434.4802,510960.4608,493687.6588
Tpp2,9543.8,9475.839423,9071.883876,9388.99167
Frem2,8554.6,9340.124401,8684.751157,8581.983824
RTRAF,31476,31639.75902,30059.79361,31141.4897
Zfp622,5681,5947.726738,4602.071138,6321.56146
 ,4916.3,9594.829001,4491.573479,7917.568245
Rab18,42805,43017.8388,40078.85613,42909.91912
Gfm1,14252,15208.36546,14485.87826,14081.74751
Surf4,14568,14077.40695,14277.39211,13828.57882
Prkar2b,52448,52159.48795,50883.65081,51065.25714
Ehd3,118000,116692.6177,116642.7884,113047.2181
Txn2,5680.5,4683.920425,5335.942384,5044.321034
Ppp2cb,23442,23329.60331,23141.96257,22585.08374
Pygb,317020,339303.4823,314748.9335,319183.957
Praf2,9020.5,9120.782166,8460.75885,9078.403269
Dclk1,96100,99129.30994,94251.37595,95203.60994
Grk2,29456,27686.18293,29423.91086,27133.42033
Rpl7,25950,23914.19736,26495.9835,23232.36041
Nsf,546680,497685.4608,541673.0767,496636.9436
Madd,38856,39715.75853,37909.29714,38422.48222
Dbnl,163440,159031.8814,156833.7058,158356.5849
Stoml2,17543,15101.8005,16289.28345,16130.58697
Fscn1,151660,148445.4726,146683.0364,146794.3444
Csnk2a1,18118,16314.47475,17981.93038,16341.99588
Psmc2,33387,36974.37881,31364.13509,35641.10654
Pgm1,170130,164865.0787,160573.4261,166360.5437
Mpp2,88696,88108.0396,83924.79636,87956.54725
Cnrip1,54628,51667.28206,53238.24126,51522.87479
Pak1,26077,27874.14505,25738.91817,26394.79413
Cntn2,14981,16083.50435,15958.31169,14425.39575
Pepd,45753,45123.65169,44330.67053,44504.62091
Mapk15,7862.5,7670.765923,6686.802327,8218.847694
Fus,61246,53110.44884,57135.62922,56500.98916
Slirp,17697,18646.47934,17138.86451,17982.80743
Gnai1,161820,163941.1971,148038.1964,166151.7447
Ranbp1,68190,67704.59233,66266.01952,66564.22736
Ap2a2,176570,167636.7235,179558.6961,162236.7649
Dusp12,46296,42673.77255,45382.22255,42867.28934
Rpl36,37459,33003.28083,37651.29553,33107.67958
Anp32c,20172,18855.14915,19988.60956,18704.03372
Ap3d1,20957,24533.83519,21084.46489,22329.30506
Hspa1a,23874,20922.73245,23697.05695,21236.59069
Snap91,154470,133475.4049,149276.0829,138920.8849
Triap1,19030,19317.08995,18993.0882,18518.72468
Armc10,18196,17021.72204,18564.38856,16529.04492
Bsn,483370,486057.2958,483883.3222,466630.798
Ift172,17914,17856.40128,16727.10437,18001.94734
Psmc6,49830,53000.53878,49292.64089,50331.85092
Inpp5j,8417.5,13807.09194,8760.066778,11269.92199
Cse1l,32271,32370.8998,32392.23241,31068.41008
Coro1a,105900,102065.0234,102627.307,101789.476
Psmd3,56681,62497.40448,58940.33745,56755.02785
Mag,89880,76618.45687,72620.93796,89774.83789
Mtpn,69430,64738.61381,67317.57153,65352.3236
Dlat,79387,74577.95285,78587.55094,73995.72911
Blvrb,11832,13331.6115,11309.20087,12692.36467
Rpl18a,20615,25532.58306,21062.31323,22663.38334
Ndufa7,63908,65128.87414,61893.02254,63735.87192
Idh3a,238060,224216.5071,227236.8724,228069.326
Cnnm3,26963,19274.08167,27099.29029,21075.64151
Puf60,14938,12724.71686,14996.66933,12975.98321
Kctd16,52255,53212.39439,50397.61748,52250.19104
Sod2,29519,27241.76402,28029.65974,28037.34568
Cenpv,35513,40703.3561,35988.61849,37211.44845
Slc9a3r1,50642,50643.0478,48956.45697,49986.4627
Aimp2,45853,45695.50254,46091.07546,43982.6236
Acat3,76874,72703.11036,75546.25924,72434.95714
Me3,144620,117218.2745,132532.039,130368.8289
Mmut,11413,11335.23079,11251.60657,11077.65298
Psmb1,11538,10204.59086,10854.70106,10756.62463
Nap1l1,62573,59558.50525,60608.22664,59833.07201
Rph3a,142660,143040.7653,141575.1258,138720.7859
Cntn1,314810,299480.9995,303438.5599,302010.2454
Iars1,28591,28702.45269,29637.60916,26988.13108
Arhgap44,57090,56036.60487,55526.37675,55529.20416
Pa2g4,25363,25140.72983,23784.36052,25415.17918
Dbi,76593,79224.44014,69018.03669,80735.58442
Ndufa10,38623,39784.2532,36358.6814,39591.7562
Arf5,15223,15707.7394,15091.79113,15121.39216
Capzb,201840,186385.1484,198895.7864,187510.1348
6430548M08Rik,85479,71044.90218,81370.84104,76350.80699
Ldha,113050,109715.7188,106995.0918,111342.0269
Hspa12a,170720,164530.5699,166189.5218,164333.4541
Arhgef2,61279,66208.85987,60389.31618,63012.90564
Fbln7,12945,14362.85451,12107.83312,13984.30802
Bzw1,29050,31950.37439,29482.54759,29665.1073
Psma7,49904,57986.31363,51533.86699,52337.1906
Bdh1,15415,15768.58815,14147.08827,15997.47765
Tln2,198980,195878.8283,196732.7426,192260.3103
Nap1l4,130560,114782.7315,124767.233,120363.8804
Lepr,13964,10781.69828,13977.69327,11509.17076
Prmt5,4026.5,4213.696548,4015.573539,4025.817277
Arhgap39,45033,39257.00353,45134.64525,39915.39454
Vps26b,49075,54618.92448,49382.55054,50873.85813
Prkaa1,6901.7,6297.527427,6911.706761,6303.117555
Grin2b,24540,25110.46474,24768.15454,24000.56646
Hsp90b1,155110,154218.1397,155582.7889,149552.2302
Scrn3,48797,41412.19629,47029.26313,43842.55432
Grb2,65627,66366.5569,64165.52156,65093.93493
Phactr1,8992,8795.671417,8727.751425,8773.904837
Fabp5,21131,19605.40472,21264.28419,19445.26991
Tmx2,12924,18229.13972,12493.92341,16174.95674
Tom1l2,95321,88353.3461,92532.66825,89957.53695
Cltc,765290,703440.2648,745507.3788,716876.3099
Etfb,76572,76161.29477,76708.56952,73967.01926
Nefm,658260,598149.6204,571278.1099,659108.6073
Map2,752130,648548.9546,750849.8363,665546.5741
Ndufv1,220640,216713.9513,210401.6158,218551.575
Camk2b,495850,461558.5044,492535.4974,461915.4223
Ina,818420,767363.3142,705934.1015,837544.6888
Atp2a2,353200,366653.5635,351390.3743,352739.6843
Srsf5,30336,29330.05502,30713.91891,28575.00291
Iqsec1,98528,95530.95039,89105.67717,100092.9848
Napg,241150,207124.6974,230168.7088,220047.9673
Hnrnpr,145530,155267.8604,143464.5315,148917.1335
Ddx19a,7970.9,6613.080781,7595.671635,7136.138267
Rps14,33992,33836.36717,33984.54538,32931.94048
Them4,38146,38108.52312,39495.09491,36137.00399
Tmsb4x,17191,14961.46607,16577.25495,15702.54917
Otof,10837,10926.17425,10910.08019,10536.51576
Slc2a3,26085,28313.78526,25156.45999,27380.49906
Gatd3a,107020,83322.97007,103429.9787,91427.82938
Tollip,37822,41843.87201,36693.56228,40058.9438
Hnrnpd,63619,59950.35848,61164.62405,61166.77515
Sfpq,115520,118897.1904,126728.3059,106992.0493
Sparcl1,11241,10732.15911,10820.17054,10890.60394
Srsf2,76391,89223.06912,77244.11832,81846.5687
Atp2b2,429970,478283.9472,430732.3845,448291.2924
Acot6,10251,9379.469014,9857.616051,9683.050157
Adss1,11031,12485.62267,9998.344201,12340.88648
Atp1a1,437360,441010.1033,422927.1843,437546.8477
Endod1,44661,45190.55346,44367.15561,44016.55343
Mink1,49783,47681.84798,48225.45241,48188.18195
Fbl,29152,26929.55576,27556.65678,28050.39561
Inpp4b,10601,8633.195687,10717.88202,9000.973668
Atpif1,140680,143523.4137,129968.9624,146028.7483
Nckap1,117090,129669.9684,120248.2957,119972.3824
Prpf19,25481,29761.73073,27232.20021,26389.57416
Dlg2,75734,74770.69367,75167.07506,73646.8609
Eif3h,18917,21961.3028,17170.13743,21554.13905
Gnb5,13767,15928.19666,14471.54484,14335.78621
Slc7a14,21226,16841.72442,22281.95721,17232.0013
Gm7324,27996,27265.65751,27611.3844,27118.63041
Rabep1,30188,31674.8028,30961.49621,29900.00609
Scarb2,8941.8,8892.360405,8994.353089,8664.3724
Pspc1,50322,48868.55797,49381.2475,48844.15858
Septin3,138480,142480.0647,135620.2401,139669.0811
Stub1,52998,45628.60077,52782.17781,47223.35692
Ckb,658750,650842.7296,641251.2737,649999.7541
Rhog,28447,29381.0278,24648.275,30927.4708
Ddx5,143000,153150.8972,140741.1812,147690.4398
Synj1,267710,260295.6765,263109.5204,259980.7618
Rps5,44981,47845.91661,46840.32256,44534.20076
Rps15,19108,16586.86053,18209.9621,17674.82902
Raly,16234,21448.38923,16931.6814,18710.99369
Ppp2r1a,181730,178978.1666,175467.1554,180115.1729
Atp6v0a1,286300,256807.227,290642.7225,258310.3704
Timm29,8319.4,9402.884634,8496.592407,8703.435199
Prdx1,35791,35905.54337,34142.21303,36176.15378
Trim28,68084,68247.77099,67559.93668,67038.37492
Nrxn3,80888,71589.67375,79120.49366,74392.44707
Atp5me,56382,60773.88742,57449.66148,57230.04541
Tagln3,134640,119505.6779,131645.9729,124104.8612
Czib,20257,20620.08158,21066.22235,19513.12956
Gstp1,57352,53800.17424,54876.16057,55530.07416
Dnajc6,64508,54795.73631,63997.42961,57310.95499
Psmb7,46643,37058.80248,44777.61272,40812.35992
Akt3,13689,15238.31197,13795.26789,14311.42633
Idh3b,93773,89884.12234,92320.27299,90296.8352
Plcb1,388530,362289.0194,379718.4298,369591.4975
Git1,79649,80729.72999,82144.84586,76997.21366
Map1a,721810,699935.8864,706533.4992,703025.9812
Ncl,79920,71611.97434,80873.08035,72336.64765
Acsbg1,29941,28516.08347,29268.84929,28859.49145
Pde2a,80901,75990.85454,80045.65095,76675.31532
Vcp,379390,340848.5946,369268.0616,354183.8768
Rtn1,49956,46628.94154,48758.39513,47659.22468
Sirpa,93921,93464.95999,93447.40123,92106.42588
Myadm,15046,20045.04493,14616.1821,18217.70622
Rab4a,23209,21442.01763,22999.93138,21775.98791
Ly6h,30582,28066.88586,30958.89013,28142.61514
Eif4g1,25012,29075.19113,25624.25079,26718.43247
Slc44a1,20183,26696.99246,16260.61661,26568.79324
Cadm3,71683,58994.61889,69591.3736,63683.67219
Cbr4,19337,18041.1776,18977.45174,18396.9253
Acot13,3199.8,3502.944875,3493.576343,3138.943842
Septin8,99003,97483.84495,95180.44235,98822.79131
Atp5f1e,46644,36107.84159,45246.70655,40064.16377
Farsb,37017,39731.68752,35888.28453,38860.95996
Cand1,133620,133946.9031,134134.7763,131186.6247
Ogdhl,104460,120770.44,104867.2301,112838.4192
Elmo2,11185,10751.11461,10505.35646,11177.70246
Vapa,67997,71944.89029,70297.62043,67860.52069
Sptan1,2371500,2492728.132,2309375.015,2451821.379
Slc25a22,38973,36544.296,39085.94084,36721.64098
Mccc1,23128,24446.22573,21771.16614,24508.64384
Mtx3,12997,10506.60457,12432.28969,11583.12038
Rab3gap2,46835,42759.78911,45048.64471,44697.75992
Eef2,182080,177464.9123,178646.5692,178592.6807
Rpl23a,50412,47325.03854,52621.90408,46184.58227
Eif3l,18958,18660.81543,18221.68945,18965.03238
Ak1,69138,63572.61151,67360.5718,65709.02176
Phyhipl,51056,50332.43244,49407.30827,50911.26794
Immt,343740,358816.4989,342712.1383,348763.8047
Mapk3,15243,14582.51532,15448.82366,14454.1056
Vcl,19306,21427.68153,20886.40305,19311.2906
Fasn,253220,262860.2443,249922.7715,257831.8728
Myef2,71913,67507.07281,70473.53062,69036.75464
Nfasc,22270,18471.26041,18817.17801,21835.1476
Rhoa,29400,31907.3661,29930.79281,30227.9944
Nudcd2,11589,13417.30948,12171.5517,12202.55719
Rps13,17222,18297.63439,17093.25817,17753.99861
Sptan1,7002.1,6569.753919,6992.886055,6636.151841
Dlg1,71351,71449.49861,73073.09229,69288.18334
Septin2,45871,42950.93703,42029.50466,45949.68348
Lhpp,19248,18850.37045,18523.99437,19228.64102
Ppa1,17990,16360.66883,17843.8083,16816.14344
Rtn3,122970,120819.8199,120069.7795,121964.6722
Gnaq,158110,157824.4638,156260.3689,157155.991
Opcml,116890,113545.0487,116852.5776,113325.6167
Myh10,451000,408945.0402,440231.5346,425810.6082
Atad3,31549,31932.85249,32772.71963,30591.65253
Tecr,31947,33342.56838,30889.8291,33153.78934
Rab15,8594,8690.221482,8965.425636,8306.369243
Wdr48,6975.7,5767.251246,6478.446482,6455.018773
Pafah1b1,60357,60452.12176,60790.65202,59431.13408
Ocrl,6389.4,5819.976214,6097.568348,6148.432351
Phgdh,211090,208813.1707,206479.4701,210391.017
Tprgl,27901,22724.30157,26383.92219,25302.07976
Ccdc22,11180,13617.53692,11509.21726,12397.43618
Lonp1,30506,35738.28895,30222.67342,33714.93645
Got1,88535,84968.43506,86834.48119,86467.98491
Psmd2,19524,20948.21884,19381.39365,20326.57537
Gdi2,84200,81561.22343,84035.55463,81762.17913
Pacs1,53188,55934.65931,53759.45664,54062.39172
Vwa5a,10854,10725.30964,11341.64652,10346.85674
Dbn1,149350,136747.2201,149797.2983,139634.2812
Psmb6,42497,39771.51,41675.07821,40918.49937
Tubb3,119670,123338.1937,114000.2264,124731.2579
Elob,17555,17966.31133,16656.74029,18266.42597
Cplx1,136420,110693.7589,138786.6235,117223.1966
Slc3a2,124120,113436.7316,122898.6759,117075.2974
Etfa,107150,102080.9524,106855.6667,103242.3686
Ctsb,42871,40682.64841,43982.75927,40392.15208
Glod4,53049,47108.40423,53381.57549,48613.60976
Gstm7,28791,28892.00771,28820.60406,28615.8927
Gm136,11240,12555.86953,11283.79162,11967.6584
Ndufv2,58916,52400.01574,56723.86907,55771.93292
Cfl2,59839,56181.55871,54813.61473,60415.96901
Nudc,42255,41627.2377,42006.04997,41714.54528
Canx,73910,71177.11282,75288.25763,70713.23601
Apol11a,28380,28538.38406,34105.72795,24468.62405
Dstn,88001,85049.67293,87527.69763,85845.93811
Purb,58146,54798.92211,60219.92119,54233.78083
Pfdn5,23796,21139.36676,23104.17446,22399.7747
Mtch2,16437,14958.91743,15884.0385,15752.13892
Hspa9,253010,252028.529,249492.7688,253116.4971
Atp5pf,57123,52607.09265,56348.594,54395.6
Rpn1,16792,15647.84638,16708.86183,16012.26758
Kcnh1,14422,13284.93955,14062.39077,13846.84872
Hdgf,24018,22894.7418,24262.57563,22992.24165
Atp4a,24111,21545.55608,24872.39761,21816.0077
Mtco2,37029,41053.79395,39310.06345,37870.03506
Eif3i,20118,19527.35266,20017.27641,19691.47864
Rgs7,44649,49680.93662,43353.39171,48491.81039
Itpr1,36487,35977.22384,37150.92877,35514.95719
Ctnnb1,101140,99871.60102,101251.2984,99736.28661
Ap3b2,142800,139791.2507,140246.0266,141878.8697
Mapt,139440,116861.4651,130259.54,130429.7286
Otub1,42179,42939.78673,41336.28822,43036.06847
Ndufs3,145410,141282.2044,138200.2562,146916.1438
Snx12,33263,33387.16956,33249.6317,33205.11908
Ddx1,49588,43959.24229,49155.82185,46048.86296
Hspa4,224100,209800.7683,223340.7874,214506.0958
Slc4a10,14092,15702.48283,14608.36387,14722.93421
Ptges,5742.2,4944.200172,5506.249507,5364.740385
Eef1g,130850,124574.2835,135750.544,123043.4666
Ppp1r9b,187170,187054.1661,191155.7381,183795.2539
Akr1b3,24072,21830.68506,23109.38661,23199.30058
Gnaz,25762,30021.37332,25977.3742,28276.59445
Rpl10a,38268,39703.01533,39342.63941,38365.06252
Ppa2,38622,31410.38152,37028.44316,34955.55007
Samm50,39238,35195.11028,39039.03146,36675.53121
U2af2,11865,10991.16454,10965.98054,11874.56888
Hnrnpll,5732.6,4806.573672,5764.511724,5103.045732
Dync1h1,671800,656481.5931,668445.6858,662623.3892
Srcin1,287910,284651.1069,287476.3391,285541.2302
Armc6,9845.2,10344.60671,9165.181427,10601.76543
Eprs1,26908,28759.79706,26455.58931,28350.54407
1300017J02Rik,34804,39741.24492,34864.09632,37895.26494
Gng2,70726,67019.64562,69614.82829,69002.82481
Ddx6,35622,37237.2072,35927.37568,36419.75253
Syne1,16880,18785.06158,16557.70937,18302.96579
C1qbp,50490,38497.19055,49379.94446,43481.50618
Hgs,24847,19715.31478,23991.54363,22100.49624
Npepps,276230,260486.8244,276439.6036,265827.1317
Ubl4a,16797,16050.05346,15971.34208,16860.51321
Rabggta,26088,24806.22097,25758.46375,25474.33887
Slc25a4,310090,295801.4021,314514.3866,297886.4666
Rmnd1,21142,23563.75951,21776.37829,22272.75535
Pygm,12582,13573.09503,13228.44617,12787.19418
Atp1a3,1942700,1942700,1942700,1942700
Phyhip,145550,142158.299,146891.5226,142496.5665
Cdh2,8883.9,9335.982863,9595.18411,8704.305195
Wasf3,18658,15001.28855,18427.56952,16469.88522
Kif5c,182260,172988.8652,181083.2511,177209.3878
Mbp,414480,428489.9147,335141.485,476774.9458
Rpl13,167190,152031.089,172444.1062,154058.807
Gad1,41272,42371.12168,41740.23013,41701.49534
Gria2,196490,194285.929,194113.6354,196958.2862
Spr,165750,164132.345,163961.326,166169.1446
Ap2m1,227900,233837.6189,234364.4926,227782.2275
Tnks1bp1,56925,54876.97417,56904.99141,55715.38321
Kalrn,16971,18442.58823,16965.5604,17951.4876
Trim2,52701,50821.45253,53768.57791,50871.24814
Tmem65,22105,24186.58314,21282.52673,24040.58625
Nckipsd,14745,15555.45822,15293.76209,14934.34313
Ccar2,3094.4,3335.849738,3315.190382,3109.972991
Hspe1-rs1,133000,126313.7296,133861.1382,128524.4384
Ppp1ca,17973,19493.90177,17271.77443,19480.06973
Hadha,83394,88823.25139,82445.84774,87817.34796
Lasp1,166160,141661.3144,166567.4029,150700.6243
Septin5,202570,186687.7993,208316.7543,189232.7259
Gripap1,133830,120566.5489,134981.7513,125000.9566
Lsamp,222690,204544.2006,229230.5212,207459.1321
Camk2a,560810,527695.6838,555602.5575,545069.5943
Khdrbs2,42555,49446.78042,43711.72728,46396.86117
Snap25,410700,440595.9495,416281.6882,427898.5974
Prpsap1,8993.3,10345.72174,9186.160346,9775.269682
Psmc4,71058,64316.49549,70603.83446,67328.08343
Sort1,27500,25695.05879,28088.29647,26067.67582
Rab21,6192.2,5870.789702,5964.919035,6164.788267
Csrp1,103130,98493.74311,101539.2699,101676.3766
Vdac2,125840,122003.344,125225.9025,124374.5598
Aldh5a1,163090,137038.7206,162124.0419,147751.3395
Ykt6,23914,26609.38299,24463.24354,25407.34922
Rab2a,157670,166378.3331,160638.578,162114.9655
Pip4k2c,68958,63448.36537,64890.01093,68491.26744
Camk2g,10984,12000.26625,10692.86369,11893.70878
Adam23,52442,48170.86807,50166.97968,51504.60488
Rgsl1,4271.9,4370.91571,4517.113032,4197.380394
Cadps2,18426,17247.91374,19136.42243,17309.4309
Phb2,96050,102413.8683,102993.4608,96143.20511
Vamp1,35624,35421.30198,36139.77094,35384.45786
Denr,25549,24216.84823,26099.85982,24492.11393
Srr,30224,23128.898,29879.97431,26076.37577
Gltp,19712,19865.04731,17888.11161,21162.64107
Actr3,210000,188073.6217,208225.5416,198472.0784
Dmxl2,223140,222400.6018,235667.531,215845.8889
Cltb,206540,195448.7455,206544.622,200847.1661
Rab4b,19509,18730.903,19064.75532,19444.39991
Cd47,29369,29508.45974,30080.64223,29197.9197
Psmb4,36016,32957.08675,35116.88577,34903.35034
Ndufb5,72316,65828.15694,69865.01167,70308.68809
Gnb3,22742,24537.02099,23024.68911,23907.47694
Cspg5,39978,46740.44449,42181.96016,43222.24751
Phb,150140,146494.171,151334.8836,148282.0367
Glrx5,76686,72355.85831,77382.24039,74098.38858
Psmd4,13092,13385.61078,12861.51055,13551.92024
Ncdn,74454,72161.5246,72438.51258,74989.26399
Eef1a1,210960,187532.0359,221164.7133,190929.2172
Synpo,55165,48621.65858,55790.89355,51027.84734
Acly,98587,98726.30641,101935.3936,97361.19884
Mecp2,63954,73746.45941,67971.69683,68207.6489
Ubqln2,3910.9,3132.595786,3478.330793,3734.194778
Hnrnpl,146420,148891.4844,150175.1794,146968.3435
Nebl,152880,130206.7755,157224.6173,136841.5956
Ppp6c,16800,15069.14606,16605.92179,15978.33775
Rab1a,128230,123631.2871,130355.9649,125122.7559
Syt12,19760,19226.29469,19906.51814,19516.60954
Gsk3b,46223,46582.74746,45615.46643,47335.58634
Khsrp,93131,94243.88775,94161.4663,94124.81549
Vdac1,274580,269598.2084,272843.2175,275457.9821
Decr1,3848.5,4179.767793,3982.867275,4014.942333
Impact,41756,46316.73327,40597.46542,45937.50354
Ube2l3,42197,43760.12988,40256.06935,44966.58854
Calm3,94776,101055.1252,92547.00168,101371.8782
Atp2b4,48369,45174.62447,46818.1709,47868.8936
Atp6v0d1,163250,144523.7545,162084.9507,153719.5087
Mgll,32438,33825.21687,32398.7476,33724.5064
Slc25a1,12919,12591.70977,13925.57174,12179.9373
Ap3s2,21071,26553.63152,20199.70179,25439.53905
Pura,88651,81672.72639,89190.37467,84826.30336
Hagh,36748,28707.23139,35529.94896,32799.70116
Auh,28383,28831.47753,28403.63177,29008.26068
Mobp,12701,13504.91894,6822.057717,17306.82091
Rims1,28153,26421.42088,28096.1147,27423.12884
Rrbp1,37627,44056.40915,38388.81528,41764.13502
Snu13,29720,27590.60897,29578.97243,28825.56162
Cox4i1,131520,132057.7245,128978.6532,135310.4035
Kif2a,131870,126568.5935,133756.8952,128933.3363
Dlg4,185900,170376.5103,183936.9052,179662.7752
Btf3l4,18777,19299.56806,18660.8134,19447.87989
Cdh13,16286,15731.31431,16185.04038,16214.97653
Sfxn3,98421,106615.9367,103187.6135,101998.275
Ndufb1,14338,16320.84634,14613.57603,15656.43941
Rab14,115870,110937.4725,117352.9443,113438.7161
Scamp4,10422,9508.812439,9451.849883,10644.39521
Ipo5,51338,51775.59921,52070.71883,51961.35253
Trappc10,4838.8,4242.368736,5114.686458,4345.714631
Cct7,57576,52253.46901,57469.20706,55129.87622
Dnm3,50424,49035.8124,51167.71319,49857.70336
Igsf8,204850,196691.207,201137.0125,205579.9418
Clasp1,3626.2,3377.26512,3882.924227,3356.355723
Pip4k2b,53933,57893.92547,57901.81582,54821.89781
Agpat3,29159,29602.4408,28751.54303,30258.44425
Zfp62,9620.5,11610.80237,10017.62917,10827.96426
Map1b,463640,430114.672,457588.0066,454476.9606
Atp6v1d,39220,39360.54198,39686.64156,39737.04545
Ggt7,9685.9,8931.227148,10031.70199,9146.26292
Nbea,21068,20970.51943,21623.9228,21031.27174
Hnrnpu,237640,240623.37,242143.632,241154.0587
Cul2,21630,22042.54067,23221.44792,21258.34057
H1-4,21191,21142.55256,21793.31779,21171.34102
Rtn4,172130,164689.8598,174776.545,168909.6305
Arl8a,21300,20734.77033,20693.55336,21762.93798
Gdpd1,51046,42383.86487,53459.7578,44822.16928
Rps11,53852,41714.84716,55214.95057,46128.03256
Dnajb4,10576,10325.96979,10453.49553,10708.77488
Slc8a2,70341,92383.38135,70895.71507,85756.32857
Kif3b,3081.2,3012.650467,3093.673848,3091.268088
Sorbs1,48854,47017.60897,50194.34348,47767.10412
Rps28,38982,39710.97983,39027.30411,40239.03287
Oxct1,55418,54469.19195,56531.01938,55230.7957
Cct2,118670,101018.4885,117965.3724,110176.2329
Gprc5b,20652,27614.50246,20717.00805,25585.6983
Wdr13,15672,20258.49344,16995.53028,18115.91675
Chtop,11087,11552.02439,11532.28105,11334.30166
Ppp3cb,72967,70759.7732,74497.3133,72103.48885
Actg2,70330,60208.40817,69518.40345,65843.00107
Ap2a1,104850,100613.8921,109452.6223,101354.4783
Mtmr1,64799,67266.54501,64847.01066,67833.55083
Hnrnpab,48068,45346.65759,49236.61024,46606.53009
Hadhb,41059,36899.51255,41176.01449,39210.69816
Prkcsh,23572,19844.33962,24143.99913,21305.32033
Ddb1,52315,61140.25426,54983.00973,57506.70399
Tomm70,139160,134815.0332,141588.1561,137972.5898
Lmo7,5998.1,5207.984298,5368.127433,6044.554886
Wipi2,9903.8,10290.28884,9752.200241,10490.406
Epb41l2,102300,98186.31355,103874.3148,100989.0802
Hs6st1,8549.6,10046.89383,9300.567121,9228.042499
Map4,171270,169054.4039,179167.7846,168622.532
Sumo3,30503,25636.12152,31430.59005,27468.36861
Gspt2,47781,43126.15595,50023.64545,44450.68119
Phf24,58958,63825.8825,58787.88195,63744.57188
Sptlc1,12715,13320.62049,14320.39238,12360.89637
Ctnnd2,64274,69206.69638,66053.62425,67955.3502
Gpd1l,60624,62376.34413,59333.85505,64196.09955
Dnm1,474770,446441.89,479413.9003,465482.4039
Mpp3,36342,34000.4358,37289.05084,35139.98912
Ppid,265470,245577.2868,271175.3283,255787.3833
Rap1gap,26132,27458.39833,26479.044,27474.45858
Pgm3,22434,24889.05174,22985.59796,24278.96502
Csde1,41606,38497.19055,42127.23254,40355.61227
Nme1,99073,106426.3817,99801.01663,106113.3538
Ahsa1,9909.1,9739.623549,10271.20045,9830.0794
Pi4ka,52813,48105.5592,54007.03394,50416.24048
Pclo,86228,77650.65562,87680.15313,82065.80757
Dhx9,40787,42855.36307,41916.14032,42534.08106
Sptbn1,1138600,1078663.627,1132718.28,1135605.155
Grn,20556,22103.07084,20598.43155,22124.85611
Atp1b2,136460,115555.2876,138982.0793,125018.3565
Cyfip1,12438,15009.73092,12881.83795,14181.797
Hars,11127,10687.71722,10949.69256,11280.36193
Gmps,53352,52576.82757,55551.13448,52924.43757
Chchd3,174840,161918.215,184067.2091,165333.9489
Baiap2,87658,92103.03108,89224.25367,92089.02597
Hebp1,21441,19427,21795.92387,20524.93435
Tecpr1,35602,36435.97885,36963.29123,36311.87309
Pde4d,14830,15669.6691,14180.96727,16262.82629
Abr,29899,33277.25951,32600.71856,31220.65929
Rpl11,38449,34059.37307,36674.0167,37940.5047
Gnao1,328370,326385.0689,330763.2759,335618.1724
Map2k4,48423,49706.42301,48436.54464,50752.05876
Banf1,10767,9176.692932,10100.50241,10503.45593
Uqcr10,21299,24987.8115,21597.86203,24184.13551
Ppp3ca,345770,324664.7376,349800.6674,340168.249
Atp2b1,215680,234490.7076,225751.4085,228095.4259
Abi1,68105,67787.42309,69891.07244,68858.40555
Ank2,664230,633639.417,669722.6635,661666.3941
Slc6a1,83229,72456.21097,84677.95258,77857.63923
Ndufb3,28233,26282.83864,28651.20907,27597.12794
Rpl12,26968,26391.15579,26790.47019,27593.64796
Sv2a,127980,130058.6359,132649.3125,130438.4286
Acsl6,70619,64635.07535,70762.80515,68926.2652
Plxna1,73306,65167.10372,74003.46173,69931.98003
Srpk2,20796,23563.75951,19613.3345,24098.87595
Epb41l3,268080,264628.3626,267917.7322,274944.6847
Rap1gds1,76765,73233.54583,76274.65772,77380.01169
Atp6v1c1,194310,165502.2384,195781.5246,181046.0681
Slc32a1,29387,28691.30239,29834.36797,29633.78746
Lmtk3,24295,24637.37365,23654.05668,25777.96731
Uqcrh,133970,134748.1314,137587.8282,136658.8966
Ermn,23507,24681.97483,21936.65202,26137.27546
Spock2,24821,23281.81633,24708.21477,24741.80264
Psma1,21534,22878.81281,22585.56516,22458.0644
Tpd52l2,17329,13907.60389,18688.17721,14776.00394
Cyc1,39895,33962.20622,42030.8077,35963.87488
Rps3a,143840,132113.476,149119.7183,137650.6914
Twf1,33883,31598.34364,33839.90811,33598.35705
Rplp2,41867,39658.41415,42228.86954,41662.34554
Hdlbp,10973,13610.20959,10662.50289,13303.10152
Uqcrb,101480,100153.5442,105010.5643,101867.7756
Sgip1,18854,18082.59298,21109.22262,17518.22983
Hsp90ab1,481900,469698.2199,507051.3455,474539.0573
Prkce,143960,132460.728,143607.8657,141878.8697
Rock2,45618,45007.37004,46162.74257,46516.92056
Arhgef7,29697,28723.16038,29349.63767,30375.02365
Psmb5,29212,30902.24664,30768.64652,30365.45369
Nceh1,76369,72879.92219,79167.40305,75081.48352
Ndufa6,44998,49099.52837,46809.04963,48187.31196
Mars1,4604.9,4639.159954,5077.680166,4489.785889
Serpinb6a,25795,24306.05059,26673.19673,25242.92006
Myo5a,151640,159305.8601,156247.3385,159600.6785
Cul5,22518,26730.44334,24060.60467,25153.31052
Epha4,72065,68166.53313,75899.38265,69799.74071
Gm5426,17779,17897.81666,18715.54102,17943.65764
Ddx17,29810,28903.158,29632.39701,30526.40287
Atp6v1e1,133620,121547.7748,136102.3643,129394.4339
Nipsnap1,43266,43849.33224,43797.72782,45065.76803
Map6,118590,102291.2151,117754.2802,113290.8168
Cadm2,141720,134314.8628,145979.3957,139851.7801
Pdxk,53355,47277.25156,54416.18801,50856.45822
Dctn1,151390,136833.2366,152364.284,147438.1411
Rnf14,17166,18042.7705,17645.74646,18145.4966
Guk1,15967,14293.72268,16329.67764,15317.14116
Grin2a,24184,26118.77001,24954.48903,26005.90614
Gabra1,41949,42605.27788,46081.95419,41466.59655
Atxn2,21152,21636.35134,23048.14381,21138.28119
Mthfd1l,4120.3,3426.167129,4245.820431,3760.294644
Cyb5a,16659,13596.51065,16992.92421,15152.712
Rhob,116740,105516.8362,119371.3509,112768.8195
Ttc7b,38642,43145.27074,40396.7975,42188.69283
Lgi1,188800,178659.5867,193944.2404,187214.3363
 ,5071.1,5578.492678,5277.696566,5500.546686
Sec14l2,41682,37348.71015,41589.07767,40799.30999
Kif1a,17042,16473.76468,18163.05272,16710.00399
Bphl,29139,32692.66546,30126.24857,32187.22432
Prkcb,211420,197917.7394,208447.0582,214358.1966
Fhl1,9968.9,9098.322286,10473.43201,9522.970981
Pisd,4060,3518.077419,4225.232423,3781.435535
Ppp1r1a,26070,26497.88004,26834.77349,27062.95069
Mat2a,26642,22905.8921,27107.10853,25111.55074
Iscu,40911,37058.80248,41572.13817,39849.27488
Apoe,107970,84834.63152,115677.2369,92645.82311
Isoc2a,17827,19849.11832,18629.54048,19481.80972
Rida,45852,44821.00082,47753.7525,46094.10273
Brsk1,25855,24003.39972,26688.83319,25322.95965
Cox6a2,10162,9388.229961,11187.23647,9460.331303
Cmpk1,108760,96219.0829,110444.2346,104651.7613
Shank3,16738,16405.27001,16380.49614,17575.64953
Gstm1,152170,155459.0083,156859.7666,158669.7833
Dctn3,31221,37348.71015,33073.72151,35577.59687
Diras1,47807,42087.5856,49701.79496,45127.53771
Rpl21,37581,39996.10881,41544.77436,38409.43229
Hadh,21184,19791.77394,20449.88517,21810.78773
Slc24a2,16589,18993.73139,17435.95727,18447.38504
Plp1,273530,245099.417,248359.1254,285210.6319
Zbbx,10786,10044.1859,11000.12015,10694.85495
Ilf2,9085.8,8568.364685,9717.669723,8779.994805
Paics,24843,23269.07314,23734.84506,25795.36722
Pacsin1,554140,477965.3673,571330.2314,520509.6207
Pex5l,15393,14496.02089,17064.59132,14473.2455
Smg1,14690,17776.75631,16502.98176,16281.09619
Sgtb,17362,13665.64248,18357.20545,15139.66207
Rad23b,10068,9436.01694,10430.95296,9925.778907
Fam241b,9570,14455.08338,10662.7635,12573.17528
Myl12a,35893,35672.98008,38126.90455,36137.00399
Kif3a,4058.5,2824.688349,3762.00226,3651.023206
Dtd1,10649,8492.064808,10562.55984,9835.299373
Chmp1b2,22097,21736.704,23375.20645,22170.96588
Syngr3,38155,33960.61332,40418.94916,35876.00533
Cnksr2,72117,65637.00902,73083.5166,71013.38446
Tbc1d10b,40801,42868.10626,42279.68804,43368.40676
Coq9,50786,46181.33683,53332.06003,48825.88867
Nfasc,335220,323326.7022,342920.6245,340794.6458
Slc25a5,100450,90674.20039,103644.98,97430.79848
Gas7,98218,85733.02673,102111.3038,92819.82221
Apba1,16319,20005.22245,16018.25146,19895.05759
Adk,66495,59951.95138,67991.2424,64919.93583
Rab35,48208,52299.66309,46587.5331,54760.99812
Adcyap1r1,39384,35086.79313,40117.94728,38292.85289
Calr,83377,75691.38947,87324.42364,80413.68607
Ajm1,9086.6,8251.377722,9796.503548,8580.504832
Arl6ip5,22995,23426.77017,23743.96633,24122.36583
Clu,39389,36220.93744,39603.2471,39432.54702
Pip4k2a,22368,22886.7773,22601.20162,23869.19713
Ddx3y,42842,40786.18686,42613.26588,44150.53274
Rps8,19496,19474.78698,19722.78972,20484.91455
Actr3b,82724,83520.48959,87523.78852,84973.3326
Grm5,11943,12897.86501,12778.89791,12736.73444
Slc25a3,123080,113831.7706,128549.9536,120650.979
Safb,13555,16480.13627,13611.53947,16282.83618
Smyd5,21298,20561.14431,21803.7421,21759.45799
Mapk10,19621,18119.22967,20072.00402,19523.5695
Gprin1,160690,147773.2691,173864.4181,153171.4116
Sncg,22768,21446.79633,25332.37018,21581.97891
Nrn1,22058,20255.30764,22753.65712,21761.19798
Hsd17b4,22006,23017.39505,23411.69153,23116.65101
Armc1,12870,13799.92389,13337.9014,13985.17801
Mdh1,257100,247026.8252,266419.238,260389.6597
Letm1,94773,85256.74984,99928.7144,90992.83162
Adam22,21002,19756.73016,22481.32209,20519.71438
Lin7a,19802,21000.78452,20846.00885,21166.99104
Septin6,75225,69934.65136,80388.35006,73077.01384
Wipf3,52642,45998.15341,53960.12456,50719.86892
Psd3,56941,55256.08421,58406.09169,58519.37877
Ccdc7a,14793,21814.75607,16939.49963,19009.40215
Ap1g1,11554,13596.19207,11628.44528,13618.9099
Igkc,21127,20048.23073,18995.69428,23203.65056
Mpc2,17238,15804.42839,18553.96425,16528.17492
Vapb,63746,55706.87471,68012.09102,59694.74272
Ncam1,397130,343142.3696,411590.7499,377395.3574
Pdxp,42107,41843.87201,44364.54953,43199.62763
Kbtbd11,5015.6,4368.367071,5538.173949,4564.692503
Pitpna,30094,32178.15899,33226.17701,31383.34845
Ak3,57096,61963.78321,58373.51573,63292.17421
Macrod1,50808,46864.69064,51786.65645,50910.39794
Acsl4,8469.5,6839.750353,8651.523677,7823.608728
Dgki,27553,30142.43367,28956.12006,30196.67456
Ctnna2,156520,152708.0712,165616.1849,158434.8845
Shisa7,49572,49067.67038,52072.02187,50926.05786
Csnk1d,27331,26545.66702,26682.318,29104.83018
Sae1,9591.7,12533.40965,10592.00851,11550.93054
Plxna4,39632,35180.77419,40961.01315,38501.65181
Atm,12843,11055.83625,12584.61488,12708.02459
APOA4,12079,13158.14476,12817.07694,13150.85231
Slc6a11,102240,106397.7095,109358.8035,107409.6471
Cdv3,9319.8,6593.965989,9716.627292,7881.289431
Chchd3,54460,46240.27411,55238.40526,52268.46095
Hnrnpa0,52491,51530.29272,55526.37675,53523.86449
Eif2s2,6548.8,6878.617096,6833.915367,7045.310734
Camk2d,68959,57398.53378,68852.55081,66194.47927
Nmt1,31602,33157.79206,34567.00355,32947.6004
Prkacb,24813,27976.0906,25663.34194,28167.84501
Vgf,68578,84772.50845,76515.71983,79121.74272
Rala,103730,98522.4153,105570.8708,106565.7515
Inpp1,6275.1,6370.641505,6527.440727,6630.061872
Hsph1,195980,175983.5159,209137.6685,188119.1317
Asrgl1,75146,70044.56141,79895.80153,74067.93874
Appl1,8369.2,7806.640235,8782.348736,8331.251115
Arl3,19253,17302.07232,20473.33986,18547.43453
Arcn1,28693,29232.88816,30769.94956,29792.12665
Acat1,127680,116544.4781,130720.8156,127637.043
Rpl29,48611,39174.17276,51028.28808,44265.37215
Cacna1a,24397,24889.05174,26488.16527,25143.74057
Clasp2,66843,70809.15308,70975.20042,71743.3107
Actr5,9107,10468.21569,9905.567865,10175.46762
Tnr,317280,301965.9224,355494.9453,305507.6274
Fxyd7,36773,41330.95843,37987.47944,41826.7747
Skp1,98344,94414.32798,102224.6681,100614.9821
Prickle2,38992,39115.23549,43150.11771,39284.64778
Ndufa2,102880,88738.82773,104662.653,100066.8849
Coro1c,81447,69294.30584,86721.11684,76026.29866
Ppp6r2,15714,12796.07875,16358.34449,14535.01518
Snrnp70,26686,24087.82338,27142.29056,26703.64254
Gpx1,7455.9,7697.526632,8534.771433,7478.481505
Acyp2,40347,43647.03403,43004.17741,43956.52373
Prkaca,101840,99111.78805,109784.8971,102694.2714
Csnk2a2,11351,17850.02968,13357.44698,15282.34133
Sh3glb1,27372,25444.9736,28619.93615,27401.37895
Sugt1,21422,22338.81994,23191.47803,22551.15392
Myh6,3548.5,3167.161701,3576.970803,3554.453704
Echs1,82507,80280.53239,88375.97565,83657.02938
Rab5b,6667.3,6249.262578,6748.826957,6863.56867
Negr1,12113,9300.142629,11742.07023,11445.66108
Pfkm,117650,105821.0799,119257.9865,118145.3918
G3bp2,39570,36931.37053,42191.08143,39255.93793
Txn,51194,48529.27042,52926.81508,52428.54013
Sars1,37146,39194.88045,41294.59099,38800.93027
Cox7c,28642,25188.51681,27834.20397,29204.00967
Rab11fip5,24131,26118.77001,25435.31022,26585.32315
Myo1d,14198,15659.31526,13363.96217,16909.23296
Flot1,88929,88366.08929,88226.12623,96395.50381
Palm,124920,124343.3131,133457.1963,129237.8348
Atp5po,89715,104798.4386,88202.67154,108444.9418
Bcl2l13,6252.6,6356.783281,6498.773882,6683.653596
Cyfip2,155800,152144.1848,169564.3913,157234.2906
Uba3,27370,33051.06781,31233.83124,30943.13072
Hint1,62280,51157.55428,63523.12362,59199.71527
Psip1,57479,50276.68096,58873.88249,56567.97882
Krt76,41569,40617.33954,32818.32598,50308.36104
Stk39,20305,23573.31691,20413.40009,24178.91554
Vsnl1,82393,81135.91932,85068.86411,86839.473
Atp1a2,354960,358561.635,390507.588,364258.425
Tmem94,6497.3,8349.8189,6354.527527,8415.72768
Ndufc2,65874,63969.24344,66753.35589,69788.43077
Sec22b,61082,60050.71113,62656.60306,64708.52691
Rpl27a,7060.6,8558.488709,7753.730197,8237.1176
Gng7,7639.4,6694.796515,7974.725515,7454.730627
Tomm34,22885,20647.16087,25005.30753,21992.61679
Gna11,43838,36349.96228,45576.37528,41553.5961
Adgrl1,14434,13915.88696,16611.13395,13931.23829
Celf2,37569,36555.44629,41044.40761,37975.30452
Dpp6,143670,138410.207,151856.099,147699.1397
Gde1,17637,15453.67196,17710.89838,17712.23883
Padi2,12285,11706.21704,13508.59944,12195.59722
Sfxn1,67363,67784.23729,70181.65001,71946.01966
Ube2v2,12556,17098.18121,14076.72419,15776.49879
Sst,12897,12606.20515,15172.57952,12367.85634
Itpa,35611,41818.38562,37855.87256,41661.47555
Tpd52,11273,8517.869777,13141.1426,9212.382579
Sod1,154580,147338.4076,161459.4923,159652.8782
Rnpep,24300,23100.22581,25943.4952,24684.38294
Psat1,53233,49722.352,51615.95841,56962.08679
Scoc,18477,15981.55879,19020.45201,18170.72647
Psma4,22430,19532.13135,21887.13656,22960.05181
Sh3bgrl2,15789,17480.47704,18477.08498,16652.58428
Kpnb1,97964,90922.69269,101421.9964,100240.884
Atp5pb,165760,148260.6963,176301.1,162715.2624
Uba5,14231,17004.20015,16475.61795,15990.51769
Cntfr,18166,16610.75402,18937.05755,18346.46556
Eif6,17290,18514.26869,19086.90697,18602.24425
Septin11,58536,50181.107,59654.40251,57787.71254
Rhot1,3881.6,3865.010889,4179.626078,4053.570134
Septin7,340230,313976.3832,358830.7237,343778.7304
Gsk3a,21521,23536.68022,22724.99027,24234.59525
Bcat1,62124,60829.6389,63562.21477,66508.54765
Dtna,8744.6,11559.51101,9037.092749,11351.70157
Map6d1,8015.8,7583.952911,8276.248608,8361.265961
Scg5,25425,22611.20572,27401.59521,24778.34245
Rps25,43665,41827.94301,48733.6374,43482.37618
Srsf10,12712,11925.87785,13730.11597,12795.89413
Syt7,25793,25696.65169,29498.18405,25895.4167
Eef1a2,98261,97399.42129,101782.9381,105478.2571
Gpm6b,21804,25328.69195,24459.33443,24696.56288
L1cam,30587,29208.99467,35399.64511,29617.25755
Mtx2,7888.1,6504.922917,8370.588591,7442.46369
Iqsec2,8312.1,8501.462914,9212.74233,8706.915181
Mapre3,132280,133515.2274,142356.9488,140199.7783
Atp1b1,220470,227864.2465,230833.2584,241632.5562
Abhd12,11361,8861.776738,11745.32783,10587.8455
Ckap5,25883,23703.93465,28543.05688,25348.18952
Ntrk2,54701,54623.70318,59090.18687,57524.97389
Ola1,58714,58634.62365,61013.47159,63379.17376
Stk31,25519,34562.72926,28318.93427,32566.54236
Strn3,11691,12820.76869,13049.92991,12807.20408
Pdcd5,28792,23289.78083,30266.97673,27142.99028
Snx27,22202,20895.65316,23454.6918,22871.31227
1110004F10Rik,35979,49728.7236,39440.36729,46998.02808
Ndufs7,69172,65077.90136,73632.09578,70928.99489
Tsc22d1,16150,12547.90503,16779.2259,15025.69266
Mtdh,37604,35811.56232,40031.94674,38874.87989
Vdac3,56397,58284.1858,58085.54424,62771.04689
Macroh2a1,9998.8,9163.312578,10941.61372,9897.939051
Cdc42,43628,37108.18235,47295.08297,41517.92629
Rpl24,47113,35266.79075,54357.55128,39374.25732
Ldhb,143500,151215.5245,151295.7925,159504.979
Ogt,59837,52309.22048,63821.51942,58659.44805
Rpl15,16511,15992.70908,18563.08552,16623.00443
Lmbrd1,5055.2,5303.080387,5496.997934,5493.673721
Pgp,32620,34280.78608,34470.57871,36180.50376
Hccs,10980,9798.879403,11777.77349,10868.85405
Ptk2,12694,12981.17365,13611.53947,13708.51944
Cstb,20879,23691.19146,22623.35328,24002.30645
Cyria,8437.7,8129.998795,9302.782286,8607.996691
Akap5,136640,125545.9521,147373.6468,137433.1926
Chd1,6599.8,6650.036045,7034.713589,7101.512445
Ipo9,17290,17472.51255,19201.57435,18131.57667
Ndrg2,86414,82421.38906,92350.24287,89705.23824
Pgrmc2,6837.9,5990.57573,7868.267275,6360.102262
Nlgn3,23118,23061.99623,26050.34436,23835.26731
Lsm12,19597,17951.97524,21629.13495,19433.95996
Sh3glb2,3981.8,3706.358117,4369.869689,4005.80738
Sez6l,10289,11137.07411,11528.50223,11269.92199
Psma2,30847,28207.061,31788.92562,32080.21487
Tigar,7067.9,6268.855239,7658.999302,6968.49013
Snph,6354.2,6748.955092,7132.832383,6869.31064
Fga,19653,17786.31371,16698.43752,22700.79315
Atp5c1,112500,129971.0264,119938.1726,133118.0148
Pdk2,20645,27748.306,23901.63398,25864.09687
Glg1,25025,25100.90735,28301.99477,25924.99655
Polr2m,28533,28334.49295,29917.76243,30936.17076
Sec31a,30751,32267.36135,33825.57469,33486.12763
Stx1b,281870,280748.5036,295463.9647,306316.7232
Tppp,263940,239810.9913,272308.9718,273839.7904
Ubxn6,49519,43164.38554,53530.12187,48559.67004
H2ax,21940,47957.41956,25731.09994,40102.44357
Rps7,10747,10269.42186,12203.34584,10785.33448
Rab6b,32134,35109.09372,33665.30096,37177.51863
Rps15a,29138,29967.21474,33170.14635,30676.91209
Pias1,12462,10013.44294,13593.29693,11580.51039
Skap2,12066,11779.80899,12796.61924,12902.03359
Ndufaf2,6106.4,6876.227747,6676.899235,7028.69382
Osbp,19672,23703.93465,21298.16319,23867.45714
Creg2,25873,24807.81387,27544.92944,27306.54944
Fsd1,11766,10353.36765,12227.58235,11992.01827
Cyrib,182550,194477.0769,193110.2958,207285.133
H2bc12,166240,210421.999,199039.1207,196427.5889
Ptn,37342,30046.85971,49355.18673,29094.39024
Nudt16,33207,32014.09036,36045.95218,34790.25092
Rps29,23610,17188.97647,26065.98082,20591.924
Gabbr2,13543,13277.13434,14745.18291,14374.06601
Syt1,117810,116311.9148,125263.6907,127645.7429
Cbr1,69752,70691.27853,73384.51848,77464.40125
Vars1,22371,20123.097,24028.02871,22748.6429
Camkk1,7116.8,7021.978034,7777.315192,7580.966977
Tf,47741,46560.44687,46398.59253,54384.29006
Mif,27225,26276.46704,29242.78852,28980.42082
Oxa1l,15400,15642.27124,17184.47086,16514.25499
Rpl18,7576.8,7494.750549,7923.907016,8340.386068
Poldip2,15432,21550.33478,19171.60447,19342.61043
C2cd2l,34436,35491.38955,37213.47461,38167.57353
Cox6a1,9328.7,13218.35635,9467.746952,13278.74165
Cpne4,16544,12547.90503,17892.02073,15210.13171
Rpl37,29279,29616.77689,32888.69005,31339.84868
Nt5c2,6721.7,8229.714292,8380.100771,7643.171657
Cops4,3069.3,3113.003124,3428.163814,3305.460985
Shank1,59013,58480.11241,62220.08518,65296.64389
Churc1,4275.7,4770.574147,4916.885224,4837.523099
Pgam1,230570,270426.5161,260125.5624,273674.4913
Dmtn,78513,69251.29756,86214.23489,78762.43457
Basp1,311790,275348.5749,331975.1016,320123.5522
Ndufa4,54064,56668.9859,54103.45878,64142.15983
Mlf2,41132,47216.72138,46272.1978,48269.09154
Ppp6r3,14220,11990.70886,15181.70078,14208.76686
Snrpa,17868,17491.62734,19532.54611,19260.83086
Crat,13173,11397.83173,14513.24207,13075.1627
Mtch1,37330,48178.83257,45783.55839,45111.00779
Gk,31108,33570.35298,34951.39989,35166.08898
Agk,10000,9570.776222,10322.27956,11055.90309
Slc1a2,417390,398607.1236,461249.5446,440574.4322
Nmt2,9714.7,9767.499287,10870.07691,10510.4159
Mtnd3,7662.4,8745.017219,9095.208263,8680.641317
Hpcal4,86472,75423.78239,89711.59005,90218.5356
Stip1,160930,153657.4392,178425.0527,169770.9261
Dync1li2,29756,29132.5355,31220.80086,33080.70972
Itpka,85083,81718.92047,96663.30009,88652.54366
Arpc5l,43587,57559.41661,49220.97377,56694.12817
Ddost,9195.7,10239.95322,11310.63421,10011.03847
Clip2,52230,48975.28222,56379.86693,55717.1232
Rps9,24529,25478.42448,27668.71809,27122.98039
Tln1,9505.5,8546.701255,10537.80211,9697.840081
Chga,17288,21085.20818,20896.82735,20412.70493
Mrpl40,3622.4,3426.326418,3476.636844,4180.589481
Cacng8,47736,43473.408,54443.55181,48170.78204
Cops2,20585,16852.87471,21898.86391,20487.52454
Ampd2,11774,12934.18312,13754.8737,13233.50188
Slc25a18,10372,9754.756092,12016.62043,10567.8356
Efhd2,56779,60812.11701,62523.69314,65301.86386
Ado,13454,15257.42676,13977.69327,16638.66435
Dlgap1,29393,25774.70376,33257.44993,29290.13923
Gars1,12494,10409.597,13621.96378,12420.05607
Mark4,10187,22596.86963,13021.65397,18867.59288
Psme1,14065,14389.29664,16003.91804,15438.94053
Ndrg4,10126,7898.869105,10786.16124,9861.399239
Pam,4073.1,4273.270982,4364.396928,4728.773659
Dnaja1,26539,25034.00558,27150.10879,29757.32682
Fem1c,22635,22909.07789,23514.63156,26259.07483
Gpx4,6281.6,6039.796318,6692.796304,6952.308213
Ptms,74165,80313.98327,86040.93078,83828.4185
Carhsp1,20259,18628.95745,19411.36354,23285.43014
Dhrs1,24810,23514.37963,28652.51211,25758.82741
Hsdl1,21589,18155.86635,23614.96552,21669.84845
Sncb,189720,156325.5455,207730.387,188049.532
Trim42,17325,17316.40841,21717.74157,17524.31979
 ,6321.7,5404.707363,7596.323154,5971.91026
Dnm1l,16187,15093.51742,18070.53699,17125.86185
Ephb4,5150.2,5636.474213,5786.533074,6027.502974
FAM120A,19107,16997.82855,21947.07633,19269.53081
Wdr47,20325,18319.93498,21887.13656,21720.3082
Ugp2,57822,51758.07732,65110.22443,59658.20291
Flot2,70400,70017.48213,73354.54859,81671.6996
St13,34174,30515.17211,37277.3235,36086.54425
G6pdx,47952,51710.29034,46508.04776,60900.55652
Ncald,17991,19301.16095,19854.39661,21187.87094
Grm2,36813,39414.70056,42953.35891,41767.615
Acan,22790,22259.17498,25604.70521,24982.7914
Bub3,20430,19673.89939,23556.32879,21814.26771
Sdcbp,27927,23410.84118,31236.43732,27970.35602
Pkp4,25171,22800.76074,30350.37119,24977.57143
Necap1,15435,16637.83331,17465.92716,18011.51729
Wee2,6625.4,8052.265308,7693.920732,8261.564474
Tspan7,2895,2652.018063,3271.668898,3046.724317
Tst,11338,14251.67014,13844.78335,14059.99763
Lrrc73,15212,18496.7468,18228.20464,18650.96399
Grpel1,35521,29685.27156,40809.86069,34999.04984
Ntm,42813,40243.0082,47227.32497,46727.45947
Ldah,13356,16156.77771,16274.95003,16161.90681
Tceal5,38025,33678.67014,43561.87786,38981.88934
Adap1,24587,24100.56658,27716.93051,27193.45002
Arpc5,18099,24392.06715,22025.25864,23739.5678
Slc2a13,7881.8,6184.909446,9038.526092,7512.759328
Fer,12839,18944.35151,18110.93118,16389.84563
Ccdc141,37025,39185.32306,43161.84506,42206.09275
Bcas1,66198,72529.48434,68698.79227,83027.15262
Stmn1,260730,247552.482,285717.2372,289821.6082
Htt,6539.1,5139.808208,7134.396029,6543.584317
Scrn1,3558.7,3674.500131,4054.664692,4111.772835
Adgrl3,13024,11989.91241,15667.73412,13446.65078
Cend1,98619,86277.79829,115599.0546,100719.3815
Camk2g,59469,52017.71991,67028.297,62557.02799
Prdx6,108350,97042.61184,120353.8418,116953.498
Vps35,36991,30795.52238,41645.10832,37910.92485
Tfam,22506,20978.48393,25508.28037,24707.00282
Scai,17787,21975.6389,21549.64961,22569.42382
Gnb4,23038,22418.46491,25143.42961,26657.53278
Acyp1,32447,29801.55321,27323.4129,41712.80528
H2ac12,52233,81022.82347,56454.14012,83272.49136
Nedd8,51502,51869.58027,57486.14656,60397.6991
H2ac20,35648,71492.50689,41547.38044,67049.68486
Septin4,45610,48768.20531,48714.09182,57239.61536
Chrnb1,6448,6219.475361,7616.259642,7112.996386
Cadps,23651,22163.60102,29107.27252,24830.54219
Micu1,12739,14884.36974,16002.615,15405.0107
Homer1,8769.4,9140.534118,10226.63653,10317.27689
Piezo2,36413,29779.25262,37892.35764,39887.55468
Rpl28,11512,10999.92548,13981.60239,12520.97555
Prr14l,32637,26450.09306,37305.99034,33572.25719
Stxbp1,20586,18436.21663,23510.72245,22545.93395
Ndufa8,48955,36211.38004,54900.9183,48753.67904
Bcas3,4188.7,3887.948639,4719.344597,4765.40047
Ccdc50,12746,13175.18878,14238.30096,15633.81953
Dnajc5,14382,12635.99237,17008.56067,15343.24102
Prrt2,55993,63840.2186,64977.31451,71882.50999
Atxn10,13215,10317.68671,15868.40204,13115.18249
Arpp21,15356,14971.66063,18767.66255,17289.421
Dnajc11,26513,28358.38644,32415.6871,31818.34622
Mynn,8438.6,7498.892088,9856.834228,9353.321854
Rgs10,3586.9,3276.116013,3605.767952,4453.855074
NP,18971,16395.71261,23553.72272,19869.82772
Stx12,10976,11279.16073,13228.44617,13221.32194
Washc2,18483,20097.61061,22958.23415,22673.82329
Apex1,30389,24610.29436,33841.21115,33546.15732
Adsl,10023,10104.2382,11189.58194,12581.00524
Blvra,5244.1,4818.998286,6417.985499,5857.505849
Ccdc149,13390,13939.46187,16121.1915,16409.85553
Matr3,36955,40854.68153,47318.53766,45416.37622
Cops6,8528.8,11656.99645,10355.24643,12617.54505
Plekhh2,5263.1,4712.751902,6409.255141,5864.291814
Mtrr,10080,15075.99553,11608.8997,16382.01567
Btbd8,28049,26459.65046,34527.9124,32204.62423
Man2a1,6968.2,5438.795408,8154.153907,7404.531885
Gap43,67122,57097.47581,79646.92119,74316.75746
Mtnd4,2791,2164.909454,3383.990811,2887.863135
Atp5mpl,7345.6,17295.70072,11115.17844,15174.46189
KRT1,129810,136753.5917,114271.2584,191520.8142
Hint3,17840,19111.60594,22477.41297,22190.10578
Vps8,5597,8203.272163,6173.665792,9352.451858
Cdip1,9652.5,10024.75253,11527.06889,12433.976
Psd,22482,25104.09315,30101.49084,28212.21478
C2cd5,11509,10298.25334,14496.30257,13030.79292
Ppp1cb,14254,18096.92908,19128.6042,19625.35898
Mbd6,12142,28578.20654,19642.00134,25118.5107
Hmox2,4499.3,2890.15651,5191.696029,4595.403345
Slc38a10,12317,12062.07074,15511.36951,15124.00215
Arhgap32,9444.9,6493.454042,11617.76037,9582.130676
Micos13,20456,19124.34913,25650.31156,24529.52373
Gabrg1,10438,8547.656994,13397.84117,11515.26073
Znf474,9071.4,8863.528928,12875.97428,10823.61429
Kcnj6,5998.3,5533.254337,8061.638178,7214.524863
Ncam2,11816,19911.24139,19265.42323,19543.5794
Yjefn3,9999.9,9544.971253,13623.26682,12661.91482
Olfr615,801.11,945.7521081,1106.761754,1164.750004
Hbb-b2,19394,19559.21064,20328.7026,29869.55625
Catsperd,34778,26982.12143,45971.19592,40999.40896
Cycs,16721,14366.04031,22801.86954,20604.10394
Atp6v0c,12948,11108.40193,19300.60527,14911.72324
KRT9,92380,99490.89808,70446.16681,174529.8016
Alb,259950,283504.2194,296428.2132,434910.7613
Twf2,8515.9,6916.20952,9677.275532,12252.14693
Zbtb1,12746,8147.202107,16710.16487,14963.05298
Wscd1,4711.8,5811.533847,6987.413294,7703.114348
Fgb,2276.8,2669.699246,2150.404326,4442.023135
Serpina1c,22431,30311.28099,28673.36072,43690.30511
Hbb-b1,102010,101736.8861,104069.7705,194783.2974
Cpt2,10574,9655.040595,14407.69596,18368.21545
Hba-a1,88498,89536.87029,95679.50607,199072.3753
Cstf2t,3149.2,3841.435979,5844.38798,7827.871706
